ID Year,Year,ID SCTG2,SCTG2,Millions Of Dollars,Thousands Of Tons,Origin,ID Origin,Value Prev,Millions Of Dollars Growth,Share
2050,"2050","01","Live animals/fish",3860.43994140625,2559.594970703125,"Maryland","04000US24",3510.55517578125,9.966650518379492,0.8677006977591722
2050,"2050","02","Cereal grains",628.756103515625,4703.13427734375,"Maryland","04000US24",622.4649658203125,1.0106814103219053,0.14132381749788586
2050,"2050","03","Other ag prods.",3838.3974609375,5486.10595703125,"Maryland","04000US24",3666.813232421875,4.679382822077802,0.8627462687372535
2050,"2050","04","Animal feed",1784.7620849609375,2962.668701171875,"Maryland","04000US24",1650.1253662109375,8.159181205677509,0.4011561713068885
2050,"2050","05","Meat/seafood",9019.861328125,1561.104736328125,"Maryland","04000US24",8206.3740234375,9.912871413905469,2.0273699596150294
2050,"2050","06","Milled grain prods.",5207.6416015625,1439.6015625,"Maryland","04000US24",4645.126953125,12.109779864231038,1.1705075897928483
2050,"2050","07","Other foodstuffs",18859.787109375,17238.396484375,"Maryland","04000US24",17323.06640625,8.870950829874817,4.239063599687279
2050,"2050","08","Alcoholic beverages",5786.26318359375,1881.606201171875,"Maryland","04000US24",5239.90478515625,10.426876457473798,1.3005628058012446
2050,"2050","09","Tobacco prods.",402.836181640625,8.259544372558594,"Maryland","04000US24",368.06146240234375,9.448073974196058,0.09054440457500884
2050,"2050","10","Building stone",259.6497802734375,380.5915222167969,"Maryland","04000US24",246.47616577148438,5.344782308146901,0.05836078243305285
2050,"2050","11","Natural sands",143.9141387939453,14185.7373046875,"Maryland","04000US24",136.3523406982422,5.54577798736726,0.032347193725134976
2050,"2050","12","Gravel",451.6874084472656,56172.74609375,"Maryland","04000US24",410.9748840332031,9.906329071626015,0.10152456337293922
2050,"2050","13","Nonmetallic minerals",445.46185302734375,7534.1376953125,"Maryland","04000US24",389.0379333496094,14.503449365959117,0.10012526203324867
2050,"2050","14","Metallic ores",765.09375,727.5130615234375,"Maryland","04000US24",740.3060302734375,3.348307147708492,0.17196806343381463
2050,"2050","15","Coal",76.63130950927734,671.260498046875,"Maryland","04000US24",75.0022201538086,2.1720548433472273,0.01722421323492407
2050,"2050","17","Gasoline",3551.583251953125,5575.63134765625,"Maryland","04000US24",3710.31494140625,-4.278119026547217,0.7982798107582876
2050,"2050","18","Fuel oils",2050.30419921875,3653.342529296875,"Maryland","04000US24",2020.2330322265625,1.4884999162222943,0.4608413577942135
2050,"2050","19","Coal-n.e.c.",7768.78076171875,35488.21875,"Maryland","04000US24",7214.8076171875,7.678280197126056,1.746167947175949
2050,"2050","20","Basic chemicals",8504.162109375,6019.02099609375,"Maryland","04000US24",7460.46923828125,13.989641103783935,1.911457633886622
2050,"2050","21","Pharmaceuticals",42341.4609375,2968.677734375,"Maryland","04000US24",35521.70703125,19.19883495534256,9.516976240337062
2050,"2050","22","Fertilizers",1027.2120361328125,5578.7998046875,"Maryland","04000US24",896.596923828125,14.567874240189344,0.23088368528649644
2050,"2050","23","Chemical prods.",15604.0341796875,4590.30859375,"Maryland","04000US24",13965.939453125,11.729212575069285,3.5072767744291617
2050,"2050","24","Plastics/rubber",19411.783203125,5744.42919921875,"Maryland","04000US24",16859.02734375,15.141774239552205,4.3631342763399354
2050,"2050","25","Logs",100.40491485595703,3799.246826171875,"Maryland","04000US24",93.69902038574219,7.156845869474269,0.022567742537455016
2050,"2050","26","Wood prods.",8965.23828125,12138.43359375,"Maryland","04000US24",8033.16162109375,11.602862037641211,2.015092484351445
2050,"2050","27","Newsprint/paper",2194.478759765625,2518.57958984375,"Maryland","04000US24",2049.691650390625,7.063848327986644,0.4932470858159982
2050,"2050","28","Paper articles",2616.5166015625,1044.751953125,"Maryland","04000US24",2428.218994140625,7.754556235506087,0.5881073958755108
2050,"2050","29","Printed prods.",2088.461669921875,445.0747375488281,"Maryland","04000US24",2045.8878173828125,2.080947556231348,0.4694179098080666
2050,"2050","30","Textiles/leather",12665.0576171875,1121.43115234375,"Maryland","04000US24",11227.1171875,12.807744015431389,2.8466909208256075
2050,"2050","31","Nonmetal min. prods.",6724.5986328125,35402.98046875,"Maryland","04000US24",6102.6796875,10.19091574782082,1.5114699398007672
2050,"2050","32","Base metals",14721.44921875,6091.2421875,"Maryland","04000US24",13290.8134765625,10.764094648610746,3.3089005276643295
2050,"2050","33","Articles-base metal",7706.83056640625,2181.83447265625,"Maryland","04000US24",6996.18408203125,10.157629874265304,1.732243568474336
2050,"2050","34","Machinery",26370.064453125,2472.904296875,"Maryland","04000US24",23643.2890625,11.532978273102735,5.927128429200709
2050,"2050","35","Electronics",39978.859375,1120.4163818359375,"Maryland","04000US24",35663.33203125,12.100740727110184,8.985940644543959
2050,"2050","36","Motorized vehicles",69608.46875,5301.517578125,"Maryland","04000US24",61365.3359375,13.43288142493924,15.645708214883081
2050,"2050","37","Transport equip.",2993.442626953125,65.3634262084961,"Maryland","04000US24",2661.68603515625,12.464151947861115,0.6728280443505906
2050,"2050","38","Precision instruments",10513.8681640625,126.08885955810547,"Maryland","04000US24",9247.201171875,13.697841851218918,2.3631738559781255
2050,"2050","39","Furniture",15483.794921875,3682.62939453125,"Maryland","04000US24",13720.92578125,12.848033498104089,3.4802509199966365
2050,"2050","40","Misc. mfg. prods.",23519.3984375,2573.392333984375,"Maryland","04000US24",20613.5703125,14.096675544060972,5.286391899587679
2050,"2050","41","Waste/scrap",2646.64697265625,20591.1875,"Maryland","04000US24",2331.827880859375,13.500957526970264,0.5948797183098979
2050,"2050","43","Mixed freight",44216.47265625,17621.0703125,"Maryland","04000US24",40059.734375,10.376350083449598,9.938417578982353
2045,"2045","01","Live animals/fish",3510.55517578125,2328.853759765625,"Maryland","04000US24",3106.465087890625,13.008035708040525,0.8854884416638709
2045,"2045","02","Cereal grains",622.4649658203125,4688.337890625,"Maryland","04000US24",613.564453125,1.4506239157077145,0.15700808133628621
2045,"2045","03","Other ag prods.",3666.813232421875,5329.7841796875,"Maryland","04000US24",3522.937744140625,4.083963405840615,0.9249023509015569
2045,"2045","04","Animal feed",1650.1253662109375,2734.570068359375,"Maryland","04000US24",1534.229736328125,7.553994498906386,0.4162210436561432
2045,"2045","05","Meat/seafood",8206.3740234375,1423.5263671875,"Maryland","04000US24",7712.6181640625,6.4019227825343545,2.069943066514372
2045,"2045","06","Milled grain prods.",4645.126953125,1282.513916015625,"Maryland","04000US24",4186.9921875,10.94185862091485,1.1716683034722948
2045,"2045","07","Other foodstuffs",17323.06640625,15954.3896484375,"Maryland","04000US24",16017.333984375,8.151995976039142,4.369501206741862
2045,"2045","08","Alcoholic beverages",5239.90478515625,1700.621337890625,"Maryland","04000US24",4749.02978515625,10.336321779541112,1.321692692564644
2045,"2045","09","Tobacco prods.",368.06146240234375,7.528674125671387,"Maryland","04000US24",344.9365539550781,6.704104909182004,0.09283835588957715
2045,"2045","10","Building stone",246.47616577148438,363.3128662109375,"Maryland","04000US24",237.3009490966797,3.866489666278822,0.062170165403455636
2045,"2045","11","Natural sands",136.3523406982422,13401.8671875,"Maryland","04000US24",128.50234985351562,6.108830580666458,0.03439297080845287
2045,"2045","12","Gravel",410.9748840332031,51085.2734375,"Maryland","04000US24",371.0543212890625,10.758684228620345,0.10366266627459134
2045,"2045","13","Nonmetallic minerals",389.0379333496094,6686.65625,"Maryland","04000US24",341.1195068359375,14.04740143949563,0.098129377292358
2045,"2045","14","Metallic ores",740.3060302734375,715.5887451171875,"Maryland","04000US24",659.87841796875,12.18824712471447,0.18673184162539427
2045,"2045","15","Coal",75.0022201538086,648.2343139648438,"Maryland","04000US24",82.12389373779297,-8.671865470386262,0.01891826099287747
2045,"2045","17","Gasoline",3710.31494140625,5821.2265625,"Maryland","04000US24",3895.006591796875,-4.741754501252887,0.935875048543239
2045,"2045","18","Fuel oils",2020.2330322265625,3598.9140625,"Maryland","04000US24",2007.9896240234375,0.6097346349127396,0.5095755257873334
2045,"2045","19","Coal-n.e.c.",7214.8076171875,32886.55078125,"Maryland","04000US24",6850.27978515625,5.321356841820372,1.819834309377074
2045,"2045","20","Basic chemicals",7460.46923828125,5269.3486328125,"Maryland","04000US24",6459.29296875,15.499781080916,1.8817990172784431
2045,"2045","21","Pharmaceuticals",35521.70703125,2503.880126953125,"Maryland","04000US24",29694.693359375,19.62308080219773,8.959853763683471
2045,"2045","22","Fertilizers",896.596923828125,4853.06689453125,"Maryland","04000US24",771.5487060546875,16.20743017156639,0.2261540335153695
2045,"2045","23","Chemical prods.",13965.939453125,4089.64892578125,"Maryland","04000US24",12139.291015625,15.047406270669702,3.522712888273436
2045,"2045","24","Plastics/rubber",16859.02734375,4999.9443359375,"Maryland","04000US24",14610.8173828125,15.38729765784488,4.252453843646979
2045,"2045","25","Logs",93.69902038574219,3703.221923828125,"Maryland","04000US24",86.284423828125,8.593203997498735,0.023634267343010166
2045,"2045","26","Wood prods.",8033.16162109375,10827.443359375,"Maryland","04000US24",7191.95556640625,11.696485704344283,2.0262526607100853
2045,"2045","27","Newsprint/paper",2049.691650390625,2363.673828125,"Maryland","04000US24",1875.79296875,9.270675630931086,0.5170060501874695
2045,"2045","28","Paper articles",2428.218994140625,969.1053466796875,"Maryland","04000US24",2255.836669921875,7.641613708882568,0.6124842782628221
2045,"2045","29","Printed prods.",2045.8878173828125,434.740478515625,"Maryland","04000US24",1993.0302734375,2.6521194710276976,0.5160465865146937
2045,"2045","30","Textiles/leather",11227.1171875,992.6630249023438,"Maryland","04000US24",9911.2578125,13.276411530133425,2.831883279123971
2045,"2045","31","Nonmetal min. prods.",6102.6796875,32404.123046875,"Maryland","04000US24",5516.576171875,10.624407193235443,1.5393155942223704
2045,"2045","32","Base metals",13290.8134765625,5536.623046875,"Maryland","04000US24",12004.900390625,10.711568143803255,3.352421803536366
2045,"2045","33","Articles-base metal",6996.18408203125,1989.466796875,"Maryland","04000US24",6276.4365234375,11.46745539297761,1.7646895804771867
2045,"2045","34","Machinery",23643.2890625,2206.347412109375,"Maryland","04000US24",21235.2265625,11.33994258508397,5.963688972101808
2045,"2045","35","Electronics",35663.33203125,991.7584228515625,"Maryland","04000US24",32268.0859375,10.521994085196892,8.995576689053172
2045,"2045","36","Motorized vehicles",61365.3359375,4671.1015625,"Maryland","04000US24",54390.77734375,12.823053713078512,15.478547685661766
2045,"2045","37","Transport equip.",2661.68603515625,58.579345703125,"Maryland","04000US24",2335.162353515625,13.98291134443129,0.6713730739026156
2045,"2045","38","Precision instruments",9247.201171875,111.7794189453125,"Maryland","04000US24",8146.43994140625,13.512175114357191,2.332477156868405
2045,"2045","39","Furniture",13720.92578125,3261.080078125,"Maryland","04000US24",12150.349609375,12.926180911396742,3.4609116164997613
2045,"2045","40","Misc. mfg. prods.",20613.5703125,2260.3095703125,"Maryland","04000US24",17768.94921875,16.00894379701599,5.199484793479185
2045,"2045","41","Waste/scrap",2331.827880859375,18903.544921875,"Maryland","04000US24",2043.274169921875,14.122123951115817,0.5881709681406803
2045,"2045","43","Mixed freight",40059.734375,15975.185546875,"Maryland","04000US24",35759.9140625,12.02413491538295,10.10450768867155
2040,"2040","01","Live animals/fish",3106.465087890625,2062.213623046875,"Maryland","04000US24",2627.342529296875,18.236014271118734,0.8794024667208251
2040,"2040","02","Cereal grains",613.564453125,4645.70068359375,"Maryland","04000US24",603.5861206054688,1.6531746140089825,0.17369263078913982
2040,"2040","03","Other ag prods.",3522.937744140625,5206.0283203125,"Maryland","04000US24",3363.68212890625,4.734561980925328,0.997300808039934
2040,"2040","04","Animal feed",1534.229736328125,2546.072021484375,"Maryland","04000US24",1457.4412841796875,5.268716687386651,0.4343217697513355
2040,"2040","05","Meat/seafood",7712.6181640625,1335.0662841796875,"Maryland","04000US24",7143.7353515625,7.96338028361552,2.183348354627061
2040,"2040","06","Milled grain prods.",4186.9921875,1155.16015625,"Maryland","04000US24",3755.542724609375,11.488338557924443,1.1852865406990738
2040,"2040","07","Other foodstuffs",16017.333984375,14824.572265625,"Maryland","04000US24",14920.53125,7.350963018659272,4.534312351057273
2040,"2040","08","Alcoholic beverages",4749.02978515625,1537.553466796875,"Maryland","04000US24",4309.962890625,10.187254639391561,1.344392545687003
2040,"2040","09","Tobacco prods.",344.9365539550781,7.092991828918457,"Maryland","04000US24",324.8350524902344,6.188218085068904,0.0976473412151725
2040,"2040","10","Building stone",237.3009490966797,350.435546875,"Maryland","04000US24",219.57017517089844,8.07521964765061,0.06717701119651552
2040,"2040","11","Natural sands",128.50234985351562,12685.0439453125,"Maryland","04000US24",121.44084930419922,5.814765451473363,0.03637745161891962
2040,"2040","12","Gravel",371.0543212890625,46225.44921875,"Maryland","04000US24",350.64154052734375,5.821552326920295,0.105040963344801
2040,"2040","13","Nonmetallic minerals",341.1195068359375,5951.2431640625,"Maryland","04000US24",304.394775390625,12.064836329133518,0.09656678162181129
2040,"2040","14","Metallic ores",659.87841796875,600.1065673828125,"Maryland","04000US24",632.343994140625,4.354342586197111,0.18680355068519156
2040,"2040","15","Coal",82.12389373779297,718.9094848632812,"Maryland","04000US24",94.93975830078125,-13.498943743237673,0.02324827502850624
2040,"2040","17","Gasoline",3895.006591796875,6107.5263671875,"Maryland","04000US24",4073.73291015625,-4.38728611573408,1.1026289714544657
2040,"2040","18","Fuel oils",2007.9896240234375,3576.533203125,"Maryland","04000US24",2003.036376953125,0.24728692535514624,0.5684374292180058
2040,"2040","19","Coal-n.e.c.",6850.27978515625,31184.251953125,"Maryland","04000US24",6450.11328125,6.204022882350055,1.9392308525458997
2040,"2040","20","Basic chemicals",6459.29296875,4511.91455078125,"Maryland","04000US24",5638.91064453125,14.54859592454043,1.8285472423732672
2040,"2040","21","Pharmaceuticals",29694.693359375,2100.493408203125,"Maryland","04000US24",24851.330078125,19.48935234461875,8.406206363157526
2040,"2040","22","Fertilizers",771.5487060546875,4168.1484375,"Maryland","04000US24",664.536865234375,16.103221118149794,0.2184160504312876
2040,"2040","23","Chemical prods.",12139.291015625,3539.545166015625,"Maryland","04000US24",10700.05078125,13.450779475710725,3.4364855748729535
2040,"2040","24","Plastics/rubber",14610.8173828125,4340.0458984375,"Maryland","04000US24",12687.2158203125,15.161731224121478,4.1361446157366935
2040,"2040","25","Logs",86.284423828125,3509.107666015625,"Maryland","04000US24",76.70143127441406,12.493890132800711,0.024426070471489512
2040,"2040","26","Wood prods.",7191.95556640625,9662.6123046875,"Maryland","04000US24",6440.39208984375,11.66952983728563,2.0359551086855507
2040,"2040","27","Newsprint/paper",1875.79296875,2187.746826171875,"Maryland","04000US24",1773.786376953125,5.750782231854444,0.531014164687245
2040,"2040","28","Paper articles",2255.836669921875,902.1853637695312,"Maryland","04000US24",2114.399169921875,6.689252531499338,0.6385999120935351
2040,"2040","29","Printed prods.",1993.0302734375,421.8226013183594,"Maryland","04000US24",1990.526123046875,0.1258034426994571,0.5642026190934382
2040,"2040","30","Textiles/leather",9911.2578125,874.27734375,"Maryland","04000US24",8745.541015625,13.329270250889014,2.8057564859152953
2040,"2040","31","Nonmetal min. prods.",5516.576171875,29607.2734375,"Maryland","04000US24",5026.54541015625,9.748857748875233,1.561675588214758
2040,"2040","32","Base metals",12004.900390625,5035.6884765625,"Maryland","04000US24",10724.0693359375,11.943517097519116,3.398441224208964
2040,"2040","33","Articles-base metal",6276.4365234375,1798.2459716796875,"Maryland","04000US24",5676.40234375,10.570677400064273,1.776782807713934
2040,"2040","34","Machinery",21235.2265625,1971.0233154296875,"Maryland","04000US24",19202.197265625,10.587482613328044,6.0114342482820105
2040,"2040","35","Electronics",32268.0859375,887.5010375976562,"Maryland","04000US24",28980.529296875,11.34401862349526,9.134702488823262
2040,"2040","36","Motorized vehicles",54390.77734375,4130.41015625,"Maryland","04000US24",48294.234375,12.623749082366523,15.397367235643308
2040,"2040","37","Transport equip.",2335.162353515625,52.30208969116211,"Maryland","04000US24",2083.18798828125,12.095613389277862,0.6610560478790584
2040,"2040","38","Precision instruments",8146.43994140625,99.39949035644531,"Maryland","04000US24",7207.84521484375,13.021849090620998,2.3061580210226222
2040,"2040","39","Furniture",12150.349609375,2882.682373046875,"Maryland","04000US24",10764.21484375,12.87724916072098,3.43961612820192
2040,"2040","40","Misc. mfg. prods.",17768.94921875,1950.0091552734375,"Maryland","04000US24",15412.376953125,15.29012865953284,5.030173310145375
2040,"2040","41","Waste/scrap",2043.274169921875,17393.857421875,"Maryland","04000US24",1814.448974609375,12.611277501576632,0.5784260548172975
2040,"2040","43","Mixed freight",35759.9140625,14308.8486328125,"Maryland","04000US24",32472.150390625,10.124872028260274,10.123196542228273
2035,"2035","01","Live animals/fish",2627.342529296875,1744.5697021484375,"Maryland","04000US24",2167.104248046875,21.23747769239964,0.8311785135671833
2035,"2035","02","Cereal grains",603.5861206054688,4594.57861328125,"Maryland","04000US24",573.9094848632812,5.170961018226972,0.19094876626874266
2035,"2035","03","Other ag prods.",3363.68212890625,5031.1162109375,"Maryland","04000US24",3179.342529296875,5.7980415104925,1.0641247880096578
2035,"2035","04","Animal feed",1457.4412841796875,2447.47021484375,"Maryland","04000US24",1370.15283203125,6.370709172569637,0.46107192598146335
2035,"2035","05","Meat/seafood",7143.7353515625,1230.0093994140625,"Maryland","04000US24",6388.9072265625,11.81466717597227,2.259971535732001
2035,"2035","06","Milled grain prods.",3755.542724609375,1037.849853515625,"Maryland","04000US24",3377.27490234375,11.20038590886149,1.1880926771715021
2035,"2035","07","Other foodstuffs",14920.53125,13815.4736328125,"Maryland","04000US24",13922.853515625,7.165756166689182,4.720216282315732
2035,"2035","08","Alcoholic beverages",4309.962890625,1393.036376953125,"Maryland","04000US24",3895.46533203125,10.640514630831396,1.3634874436863433
2035,"2035","09","Tobacco prods.",324.8350524902344,6.714178085327148,"Maryland","04000US24",325.9081115722656,-0.32925203268324116,0.10276388140209752
2035,"2035","10","Building stone",219.57017517089844,326.3218078613281,"Maryland","04000US24",203.39419555664062,7.9530192933913755,0.06946258806653363
2035,"2035","11","Natural sands",121.44084930419922,12025.7705078125,"Maryland","04000US24",113.81500244140625,6.700212361475698,0.03841867723201427
2035,"2035","12","Gravel",350.64154052734375,43666.359375,"Maryland","04000US24",338.4642333984375,3.5978120957233366,0.11092794761268568
2035,"2035","13","Nonmetallic minerals",304.394775390625,5397.0458984375,"Maryland","04000US24",275.0478515625,10.669752067289426,0.09629745422440425
2035,"2035","14","Metallic ores",632.343994140625,579.4652709960938,"Maryland","04000US24",568.9483642578125,11.14259814517816,0.20004652429296993
2035,"2035","15","Coal",94.93975830078125,870.3388671875,"Maryland","04000US24",118.93388366699219,-20.174339411460796,0.030034868428057332
2035,"2035","17","Gasoline",4073.73291015625,6384.755859375,"Maryland","04000US24",4270.1259765625,-4.5992335468366825,1.2887544076103177
2035,"2035","18","Fuel oils",2003.036376953125,3567.8134765625,"Maryland","04000US24",2004.1239013671875,-0.05426433033010608,0.6336748177491907
2035,"2035","19","Coal-n.e.c.",6450.11328125,29306.798828125,"Maryland","04000US24",6069.88232421875,6.2642228748675,2.0405392557947426
2035,"2035","20","Basic chemicals",5638.91064453125,3897.752197265625,"Maryland","04000US24",4955.27978515625,13.796009287363454,1.7839095266021379
2035,"2035","21","Pharmaceuticals",24851.330078125,1763.064453125,"Maryland","04000US24",20812.02734375,19.408501957345504,7.861895190358474
2035,"2035","22","Fertilizers",664.536865234375,3585.16650390625,"Maryland","04000US24",572.6310424804688,16.049745112629125,0.21023096824909315
2035,"2035","23","Chemical prods.",10700.05078125,3099.84130859375,"Maryland","04000US24",9422.5576171875,13.557817483994475,3.385037239827598
2035,"2035","24","Plastics/rubber",12687.2158203125,3773.62939453125,"Maryland","04000US24",11009.8916015625,15.234702388095789,4.013691046844784
2035,"2035","25","Logs",76.70143127441406,3145.96875,"Maryland","04000US24",68.12104797363281,12.595788755484802,0.02426504383202913
2035,"2035","26","Wood prods.",6440.39208984375,8615.0009765625,"Maryland","04000US24",5768.41064453125,11.649334395940986,2.0374638876868354
2035,"2035","27","Newsprint/paper",1773.786376953125,2074.109619140625,"Maryland","04000US24",1698.2630615234375,4.44709168684025,0.5611499481859248
2035,"2035","28","Paper articles",2114.399169921875,846.626220703125,"Maryland","04000US24",1979.1168212890625,6.835490819824306,0.668905230112373
2035,"2035","29","Printed prods.",1990.526123046875,418.1972961425781,"Maryland","04000US24",2005.805419921875,-0.7617536937154712,0.6297171098636765
2035,"2035","30","Textiles/leather",8745.541015625,768.8610229492188,"Maryland","04000US24",7773.4150390625,12.505777340813925,2.7667141610398884
2035,"2035","31","Nonmetal min. prods.",5026.54541015625,27240.62109375,"Maryland","04000US24",4713.91064453125,6.6321742010043625,1.5901834251926479
2035,"2035","32","Base metals",10724.0693359375,4509.14453125,"Maryland","04000US24",10123.6357421875,5.931007486251764,3.392635680594486
2035,"2035","33","Articles-base metal",5676.40234375,1633.2965087890625,"Maryland","04000US24",5435.4384765625,4.433200159040182,1.7957702925587138
2035,"2035","34","Machinery",19202.197265625,1771.408935546875,"Maryland","04000US24",17363.673828125,10.588332029838247,6.074751808146359
2035,"2035","35","Electronics",28980.529296875,788.9888305664062,"Maryland","04000US24",26173.123046875,10.726294469987588,9.168196759564944
2035,"2035","36","Motorized vehicles",48294.234375,3656.5908203125,"Maryland","04000US24",42925.90234375,12.50604352649474,15.27822485803561
2035,"2035","37","Transport equip.",2083.18798828125,47.06250762939453,"Maryland","04000US24",1864.107177734375,11.752586608949414,0.6590313506035324
2035,"2035","38","Precision instruments",7207.84521484375,88.45658874511719,"Maryland","04000US24",6404.02587890625,12.551781506460513,2.280253147388234
2035,"2035","39","Furniture",10764.21484375,2550.046142578125,"Maryland","04000US24",9598.2626953125,12.147533209389191,3.4053359977925344
2035,"2035","40","Misc. mfg. prods.",15412.376953125,1693.2044677734375,"Maryland","04000US24",13581.20703125,13.483116174148044,4.875815172018648
2035,"2035","41","Waste/scrap",1814.448974609375,16232.6064453125,"Maryland","04000US24",1633.6165771484375,11.069451668799164,0.5740138504372796
2035,"2035","43","Mixed freight",32472.150390625,13025.375,"Maryland","04000US24",29405.841796875,10.427549107184072,10.272795949918558
2030,"2030","01","Live animals/fish",2167.104248046875,1436.804931640625,"Maryland","04000US24",1766.2216796875,22.697183086910343,0.7618525685718789
2030,"2030","02","Cereal grains",573.9094848632812,4378.47705078125,"Maryland","04000US24",549.093017578125,4.519537945431142,0.20175975178163058
2030,"2030","03","Other ag prods.",3179.342529296875,4788.6826171875,"Maryland","04000US24",3018.4208984375,5.331318469954831,1.1177082387696218
2030,"2030","04","Animal feed",1370.15283203125,2307.297119140625,"Maryland","04000US24",1318.692626953125,3.902365420592758,0.48168169822002177
2030,"2030","05","Meat/seafood",6388.9072265625,1102.8055419921875,"Maryland","04000US24",5896.02685546875,8.359534024791424,2.2460411792883885
2030,"2030","06","Milled grain prods.",3377.27490234375,933.5482788085938,"Maryland","04000US24",3040.097900390625,11.09099157332403,1.1872920102680142
2030,"2030","07","Other foodstuffs",13922.853515625,12881.583984375,"Maryland","04000US24",13182.84765625,5.613399158293107,4.894624576685102
2030,"2030","08","Alcoholic beverages",3895.46533203125,1256.48681640625,"Maryland","04000US24",3477.74853515625,12.011127102846515,1.3694635464193514
2030,"2030","09","Tobacco prods.",325.9081115722656,6.736605644226074,"Maryland","04000US24",350.6578369140625,-7.058084188166146,0.11457405989745004
2030,"2030","10","Building stone",203.39419555664062,303.6479187011719,"Maryland","04000US24",189.2819366455078,7.455681805265243,0.0715038930208797
2030,"2030","11","Natural sands",113.81500244140625,11330.5322265625,"Maryland","04000US24",106.18103790283203,7.189574230344388,0.04001203542937472
2030,"2030","12","Gravel",338.4642333984375,42161.26171875,"Maryland","04000US24",315.4768981933594,7.286535190601794,0.11898820548974992
2030,"2030","13","Nonmetallic minerals",275.0478515625,4982.0908203125,"Maryland","04000US24",240.9495391845703,14.151640419536127,0.09669396955957375
2030,"2030","14","Metallic ores",568.9483642578125,491.7448425292969,"Maryland","04000US24",519.3975219726562,9.54006135742882,0.2000156536471372
2030,"2030","15","Coal",118.93388366699219,1186.37744140625,"Maryland","04000US24",173.8701629638672,-31.59615103615655,0.04181159482456384
2030,"2030","17","Gasoline",4270.1259765625,6690.17041015625,"Maryland","04000US24",4623.27978515625,-7.638599111557223,1.5011767183335225
2030,"2030","18","Fuel oils",2004.1239013671875,3570.679443359375,"Maryland","04000US24",2035.985595703125,-1.5649272963021186,0.7045562959737508
2030,"2030","19","Coal-n.e.c.",6069.88232421875,27526.943359375,"Maryland","04000US24",5783.93896484375,4.943747869972978,2.1338869340516724
2030,"2030","20","Basic chemicals",4955.27978515625,3387.10498046875,"Maryland","04000US24",4400.05810546875,12.61850790100761,1.7420447750568662
2030,"2030","21","Pharmaceuticals",20812.02734375,1479.51513671875,"Maryland","04000US24",17390.39453125,19.67541798060666,7.3165361118710495
2030,"2030","22","Fertilizers",572.6310424804688,3085.6708984375,"Maryland","04000US24",496.1634216308594,15.411781182551687,0.20131031119103845
2030,"2030","23","Chemical prods.",9422.5576171875,2716.271484375,"Maryland","04000US24",8506.8037109375,10.764958700911162,3.3125308713877546
2030,"2030","24","Plastics/rubber",11009.8916015625,3280.613525390625,"Maryland","04000US24",9516.1064453125,15.697440595421435,3.870563312267069
2030,"2030","25","Logs",68.12104797363281,2795.03515625,"Maryland","04000US24",61.53127670288086,10.709628702443979,0.023948176659841874
2030,"2030","26","Wood prods.",5768.41064453125,7663.44580078125,"Maryland","04000US24",5246.611328125,9.945454003979503,2.0279035815070965
2030,"2030","27","Newsprint/paper",1698.2630615234375,1988.5023193359375,"Maryland","04000US24",1614.666748046875,5.177310648013397,0.5970299198566233
2030,"2030","28","Paper articles",1979.1168212890625,793.6986694335938,"Maryland","04000US24",1869.9444580078125,5.838267699007448,0.6957649753867635
2030,"2030","29","Printed prods.",2005.805419921875,417.14642333984375,"Maryland","04000US24",2084.712158203125,-3.785018376314457,0.7051474393076004
2030,"2030","30","Textiles/leather",7773.4150390625,681.1110229492188,"Maryland","04000US24",7022.21142578125,10.697536256503064,2.7327694177252795
2030,"2030","31","Nonmetal min. prods.",4713.91064453125,25489.513671875,"Maryland","04000US24",4508.7587890625,4.550073868808735,1.6571906662040625
2030,"2030","32","Base metals",10123.6357421875,4334.40185546875,"Maryland","04000US24",8920.4814453125,13.48754889801636,3.5589971734967496
2030,"2030","33","Articles-base metal",5435.4384765625,1549.6419677734375,"Maryland","04000US24",5097.7529296875,6.624203870462993,1.9108461295369996
2030,"2030","34","Machinery",17363.673828125,1593.2021484375,"Maryland","04000US24",15456.4716796875,12.339181851857537,6.104256183210253
2030,"2030","35","Electronics",26173.123046875,705.1304931640625,"Maryland","04000US24",23770.32421875,10.108397369816586,9.201246796863025
2030,"2030","36","Motorized vehicles",42925.90234375,3242.33642578125,"Maryland","04000US24",37583.765625,14.213947511413046,15.090741014570794
2030,"2030","37","Transport equip.",1864.107177734375,42.404930114746094,"Maryland","04000US24",1669.89013671875,11.63052806559189,0.6553329599765018
2030,"2030","38","Precision instruments",6404.02587890625,79.23111724853516,"Maryland","04000US24",5731.51171875,11.733626190734201,2.2513561908443913
2030,"2030","39","Furniture",9598.2626953125,2274.01123046875,"Maryland","04000US24",8597.8251953125,11.635936731365911,3.37430056483988
2030,"2030","40","Misc. mfg. prods.",13581.20703125,1492.0338134765625,"Maryland","04000US24",11934.2294921875,13.800451383481944,4.774517640482457
2030,"2030","41","Waste/scrap",1633.6165771484375,15392.654296875,"Maryland","04000US24",1479.0274658203125,10.452078470522878,0.5743032373656339
2030,"2030","43","Mixed freight",29405.841796875,11825.501953125,"Maryland","04000US24",26570.046875,10.672901463878205,10.337719620160588
2025,"2025","01","Live animals/fish",1766.2216796875,1170.2991943359375,"Maryland","04000US24",1405.911376953125,25.628237216149095,0.6896139357427113
2025,"2025","02","Cereal grains",549.093017578125,4201.712890625,"Maryland","04000US24",695.3463745117188,-21.033165957943588,0.21439109331275438
2025,"2025","03","Other ag prods.",3018.4208984375,4591.13671875,"Maryland","04000US24",2680.013427734375,12.627081163142057,1.178529931683222
2025,"2025","04","Animal feed",1318.692626953125,2236.15380859375,"Maryland","04000US24",1299.0274658203125,1.5138372090073018,0.5148780716296829
2025,"2025","05","Meat/seafood",5896.02685546875,1019.2079467773438,"Maryland","04000US24",5214.54150390625,13.068940980755345,2.3020792530210175
2025,"2025","06","Milled grain prods.",3040.097900390625,841.2522583007812,"Maryland","04000US24",2814.953857421875,7.998143286616859,1.186993627267936
2025,"2025","07","Other foodstuffs",13182.84765625,12168.6748046875,"Maryland","04000US24",12440.7626953125,5.964947480407346,5.147188238642635
2025,"2025","08","Alcoholic beverages",3477.74853515625,1120.39697265625,"Maryland","04000US24",3285.645751953125,5.846728396965227,1.3578725040204953
2025,"2025","09","Tobacco prods.",350.6578369140625,7.279067039489746,"Maryland","04000US24",370.6127624511719,-5.384306089496427,0.13691289932310066
2025,"2025","10","Building stone",189.2819366455078,284.6872863769531,"Maryland","04000US24",143.01280212402344,32.35314170081004,0.07390434779297142
2025,"2025","11","Natural sands",106.18103790283203,10495.58203125,"Maryland","04000US24",76.49995422363281,38.79882541162353,0.0414579462428372
2025,"2025","12","Gravel",315.4768981933594,39345.82421875,"Maryland","04000US24",283.34014892578125,11.342109259636231,0.12317664758679552
2025,"2025","13","Nonmetallic minerals",240.9495391845703,4530.2783203125,"Maryland","04000US24",224.49700927734375,7.3286187464979085,0.09407774909764638
2025,"2025","14","Metallic ores",519.3975219726562,424.77801513671875,"Maryland","04000US24",25.146024703979492,1965.525378611669,0.20279661010952418
2025,"2025","15","Coal",173.8701629638672,1983.931396484375,"Maryland","04000US24",332.44708251953125,-47.69989808719337,0.06788688462421869
2025,"2025","16","Crude petroleum",0,0,"Maryland","04000US24",2.67140793800354,-100,0
2025,"2025","17","Gasoline",4623.27978515625,7241.42529296875,"Maryland","04000US24",4341.30126953125,6.4952533380722155,1.8051404335866974
2025,"2025","18","Fuel oils",2035.985595703125,3624.33056640625,"Maryland","04000US24",1451.492919921875,40.26837938780368,0.7949421388694086
2025,"2025","19","Coal-n.e.c.",5783.93896484375,26115.1796875,"Maryland","04000US24",8745.8896484375,-33.8667740236457,2.258315000610368
2025,"2025","20","Basic chemicals",4400.05810546875,2995.535400390625,"Maryland","04000US24",2958.517333984375,48.72510817920353,1.7179844537667508
2025,"2025","21","Pharmaceuticals",17390.39453125,1235.9549560546875,"Maryland","04000US24",14580.65234375,19.270346218112778,6.790007480225083
2025,"2025","22","Fertilizers",496.1634216308594,2666.02734375,"Maryland","04000US24",400.67950439453125,23.830496990509744,0.1937249519114533
2025,"2025","23","Chemical prods.",8506.8037109375,2435.967041015625,"Maryland","04000US24",6973.224609375,21.992395017661025,3.321446257373686
2025,"2025","24","Plastics/rubber",9516.1064453125,2842.58056640625,"Maryland","04000US24",7379.560546875,28.952210431314324,3.715524327534943
2025,"2025","25","Logs",61.53127670288086,2535.009521484375,"Maryland","04000US24",59.8675537109375,2.779006137408627,0.024024632007605733
2025,"2025","26","Wood prods.",5246.611328125,6914.04296875,"Maryland","04000US24",4643.02490234375,12.999853295565266,2.0485176514992935
2025,"2025","27","Newsprint/paper",1614.666748046875,1894.9110107421875,"Maryland","04000US24",1624.868896484375,-0.6278751756263989,0.6304399407159936
2025,"2025","28","Paper articles",1869.9444580078125,751.1030883789062,"Maryland","04000US24",1677.3297119140625,11.483415855905292,0.7301120647183986
2025,"2025","29","Printed prods.",2084.712158203125,428.0941467285156,"Maryland","04000US24",2097.651611328125,-0.6168542504924068,0.8139672232782826
2025,"2025","30","Textiles/leather",7022.21142578125,612.3674926757812,"Maryland","04000US24",4864.92138671875,44.34378004446091,2.7417933516744366
2025,"2025","31","Nonmetal min. prods.",4508.7587890625,24327.474609375,"Maryland","04000US24",4190.38330078125,7.597765298031148,1.7604261852283827
2025,"2025","32","Base metals",8920.4814453125,3850.210693359375,"Maryland","04000US24",5628.2861328125,58.49374453986517,3.4829650145106417
2025,"2025","33","Articles-base metal",5097.7529296875,1444.8699951171875,"Maryland","04000US24",4498.3955078125,13.32380447281876,1.990396506687503
2025,"2025","34","Machinery",15456.4716796875,1409.9752197265625,"Maryland","04000US24",12821.173828125,20.55426349326622,6.034915316864961
2025,"2025","35","Electronics",23770.32421875,632.6568603515625,"Maryland","04000US24",19972.599609375,19.014673520979084,9.281024588755358
2025,"2025","36","Motorized vehicles",37583.765625,2840.185302734375,"Maryland","04000US24",28845.68359375,30.292511539380822,14.674425543951894
2025,"2025","37","Transport equip.",1669.89013671875,37.2017707824707,"Maryland","04000US24",1903.26416015625,-12.26177786158391,0.652001683981312
2025,"2025","38","Precision instruments",5731.51171875,71.31304931640625,"Maryland","04000US24",4506.080078125,27.19507020245649,2.2378449996276717
2025,"2025","39","Furniture",8597.8251953125,2037.5286865234375,"Maryland","04000US24",6298.3642578125,36.50885917955198,3.3569852187616425
2025,"2025","40","Misc. mfg. prods.",11934.2294921875,1311.123046875,"Maryland","04000US24",8322.853515625,43.391079391012276,4.659670450665235
2025,"2025","41","Waste/scrap",1479.0274658203125,14789.0439453125,"Maryland","04000US24",1573.628662109375,-6.011659457336909,0.5774801450497293
2025,"2025","43","Mixed freight",26570.046875,10717.96875,"Maryland","04000US24",23908.130859375,11.133936112706165,10.37416469804572
2023,"2023","01","Live animals/fish",1547.8126220703125,1027.0113525390625,"Maryland","04000US24",1510.3377685546875,2.481223359161999,0.6487009070828555
2023,"2023","02","Cereal grains",549.8858032226562,4216.7119140625,"Maryland","04000US24",545.4553833007812,0.8122424046976409,0.23046162969351816
2023,"2023","03","Other ag prods.",2974.300537109375,4549.7978515625,"Maryland","04000US24",2946.550048828125,0.9417959247726565,1.2465536388888732
2023,"2023","04","Animal feed",1279.9683837890625,2170.379150390625,"Maryland","04000US24",1258.773681640625,1.6837579667866385,0.5364451999950306
2023,"2023","05","Meat/seafood",5048.52197265625,894.6767578125,"Maryland","04000US24",4945.5810546875,2.0814726688420357,2.115876777583911
2023,"2023","06","Milled grain prods.",2894.390869140625,801.9902954101562,"Maryland","04000US24",2833.384033203125,2.1531439163413406,1.2130628446177412
2023,"2023","07","Other foodstuffs",13042.6748046875,12029.447265625,"Maryland","04000US24",12912.49609375,1.0081606994677816,5.466291498043578
2023,"2023","08","Alcoholic beverages",3324.288330078125,1070.22119140625,"Maryland","04000US24",3232.517822265625,2.8389791753160196,1.3932363804103085
2023,"2023","09","Tobacco prods.",355.65179443359375,7.305912017822266,"Maryland","04000US24",366.99993896484375,-3.0921379887033384,0.14905657077930007
2023,"2023","10","Building stone",188.6575164794922,281.9430236816406,"Maryland","04000US24",184.5817413330078,2.208113932098616,0.07906790545780024
2023,"2023","11","Natural sands",100.03180694580078,9912.75,"Maryland","04000US24",94.06056213378906,6.348298029006451,0.04192414700435895
2023,"2023","12","Gravel",305.0968933105469,38116.75390625,"Maryland","04000US24",300.32281494140625,1.589648914975727,0.127868598961278
2023,"2023","13","Nonmetallic minerals",228.04721069335938,4309.94384765625,"Maryland","04000US24",222.3117218017578,2.5799309389165157,0.09557644790144185
2023,"2023","14","Metallic ores",500.28009033203125,396.97235107421875,"Maryland","04000US24",488.5074462890625,2.4099211040485495,0.20967147041338643
2023,"2023","15","Coal",196.7069091796875,2339.676513671875,"Maryland","04000US24",213.10499572753906,-7.694839105891724,0.08244147165801541
2023,"2023","17","Gasoline",4811.79296875,7530.80908203125,"Maryland","04000US24",4976.25146484375,-3.3048670722453903,2.016661719264126
2023,"2023","18","Fuel oils",2005.8131103515625,3571.629150390625,"Maryland","04000US24",2018.5531005859375,-0.6311446664780276,0.8406526510833907
2023,"2023","19","Coal-n.e.c.",5196.943359375,23850.630859375,"Maryland","04000US24",5068.9189453125,2.5256749110358334,2.17808139254962
2023,"2023","20","Basic chemicals",3828.486572265625,2463.0107421875,"Maryland","04000US24",3748.22509765625,2.141319491712549,1.604549980256217
2023,"2023","21","Pharmaceuticals",14980.37890625,1038.142333984375,"Maryland","04000US24",14597.6328125,2.6219737039984543,6.27839910746496
2023,"2023","22","Fertilizers",440.1252136230469,2379.73583984375,"Maryland","04000US24",426.81610107421875,3.118231134048482,0.18446007044794355
2023,"2023","23","Chemical prods.",8097.87841796875,2281.053955078125,"Maryland","04000US24",7887.83203125,2.6629165769071728,3.393886960397442
2023,"2023","24","Plastics/rubber",8382.2529296875,2496.834228515625,"Maryland","04000US24",8161.75634765625,2.701582510418463,3.51307064004495
2023,"2023","25","Logs",59.672950744628906,2455.805908203125,"Maryland","04000US24",58.25175476074219,2.439747935017591,0.02500942085907919
2023,"2023","26","Wood prods.",4925.568359375,6490.4814453125,"Maryland","04000US24",4854.41845703125,1.4656730352673835,2.064345914398433
2023,"2023","27","Newsprint/paper",1565.613525390625,1844.364501953125,"Maryland","04000US24",1544.6982421875,1.3540044671447382,0.6561614110005296
2023,"2023","28","Paper articles",1825.5140380859375,736.52734375,"Maryland","04000US24",1801.853759765625,1.3131075811274548,0.765087837838448
2023,"2023","29","Printed prods.",2079.3486328125,425.42138671875,"Maryland","04000US24",2103.882568359375,-1.1661266610525114,0.8714719889302524
2023,"2023","30","Textiles/leather",6491.70654296875,567.945068359375,"Maryland","04000US24",6328.767578125,2.5745765321978107,2.7207272139354832
2023,"2023","31","Nonmetal min. prods.",4274.27880859375,23437.3125,"Maryland","04000US24",4150.03466796875,2.9938097043852347,1.7913851461884744
2023,"2023","32","Base metals",8479.658203125,3654.34521484375,"Maryland","04000US24",8247.0810546875,2.820114739933435,3.5538939854115505
2023,"2023","33","Articles-base metal",4873.3916015625,1378.1475830078125,"Maryland","04000US24",4723.42138671875,3.1750335734481396,2.0424782092001523
2023,"2023","34","Machinery",14692.2138671875,1337.5355224609375,"Maryland","04000US24",14307.0078125,2.6924291908958518,6.157626786859787
2023,"2023","35","Electronics",22455.9921875,591.356689453125,"Maryland","04000US24",21773.06640625,3.136562248549267,9.411489668556937
2023,"2023","36","Motorized vehicles",34632.28125,2629.56689453125,"Maryland","04000US24",33574.890625,3.149349425468158,14.514671828411416
2023,"2023","37","Transport equip.",1612.115478515625,35.223453521728516,"Maryland","04000US24",1577.7705078125,2.176803947916518,0.6756507592221269
2023,"2023","38","Precision instruments",5139.72119140625,64.01415252685547,"Maryland","04000US24",5016.19580078125,2.462531279296583,2.154099114761418
2023,"2023","39","Furniture",8023.59619140625,1907.199951171875,"Maryland","04000US24",7765.00048828125,3.3302728507907546,3.3627546727651225
2023,"2023","40","Misc. mfg. prods.",10016.736328125,1099.7962646484375,"Maryland","04000US24",9737.61328125,2.866442102526888,4.198095977130041
2023,"2023","41","Waste/scrap",1438.259033203125,14685.0244140625,"Maryland","04000US24",1426.2626953125,0.8411029700245055,0.6027861035343041
2023,"2023","43","Mixed freight",25736.234375,10405.6767578125,"Maryland","04000US24",25123.384765625,2.4393592467426193,10.786265950996398
2022,"2022","01","Live animals/fish",1510.3377685546875,1002.1863403320312,"Maryland","04000US24",1405.911376953125,7.4276653076009795,0.648061846637664
2022,"2022","02","Cereal grains",545.4553833007812,4185.82763671875,"Maryland","04000US24",695.3463745117188,-21.556305850619108,0.23404620497481762
2022,"2022","03","Other ag prods.",2946.550048828125,4515.49658203125,"Maryland","04000US24",2680.013427734375,9.945346479815,1.2643176285535038
2022,"2022","04","Animal feed",1258.773681640625,2129.140625,"Maryland","04000US24",1299.0274658203125,-3.0987631315607294,0.5401197093836541
2022,"2022","05","Meat/seafood",4945.5810546875,876.3092041015625,"Maryland","04000US24",5214.54150390625,-5.157892578230892,2.1220699486738526
2022,"2022","06","Milled grain prods.",2833.384033203125,785.529541015625,"Maryland","04000US24",2814.953857421875,0.6547239036496889,1.2157598962438991
2022,"2022","07","Other foodstuffs",12912.49609375,11922.4677734375,"Maryland","04000US24",12440.7626953125,3.7918366420994616,5.540546119842495
2022,"2022","08","Alcoholic beverages",3232.517822265625,1041.98876953125,"Maryland","04000US24",3285.645751953125,-1.616970717428029,1.3870218389567923
2022,"2022","09","Tobacco prods.",366.99993896484375,7.551219940185547,"Maryland","04000US24",370.6127624511719,-0.9748243591055809,0.15747382017008385
2022,"2022","10","Building stone",184.5817413330078,275.7381896972656,"Maryland","04000US24",143.01280212402344,29.06658606194919,0.07920108113189474
2022,"2022","11","Natural sands",94.06056213378906,9375.2255859375,"Maryland","04000US24",76.49995422363281,22.955056755748128,0.04035988694802535
2022,"2022","12","Gravel",300.32281494140625,37517.21875,"Maryland","04000US24",283.34014892578125,5.993737943602718,0.1288637297500661
2022,"2022","13","Nonmetallic minerals",222.3117218017578,4181.61376953125,"Maryland","04000US24",224.49700927734375,-0.9734149611259328,0.09539041395880256
2022,"2022","14","Metallic ores",488.5074462890625,379.3879089355469,"Maryland","04000US24",25.146024703979492,1842.6825990978748,0.20961075352124203
2022,"2022","15","Coal",213.10499572753906,2592.84765625,"Maryland","04000US24",332.44708251953125,-35.898070119168764,0.09143995464740297
2022,"2022","16","Crude petroleum",0,0,"Maryland","04000US24",2.67140793800354,-100,0
2022,"2022","17","Gasoline",4976.25146484375,7788.2001953125,"Maryland","04000US24",4341.30126953125,14.625803552699729,2.1352301324796343
2022,"2022","18","Fuel oils",2018.5531005859375,3592.884521484375,"Maryland","04000US24",1451.492919921875,39.067374899395574,0.8661289395906001
2022,"2022","19","Coal-n.e.c.",5068.9189453125,23258.67578125,"Maryland","04000US24",8745.8896484375,-42.042271866326494,2.174992270304809
2022,"2022","20","Basic chemicals",3748.22509765625,2406.768310546875,"Maryland","04000US24",2958.517333984375,26.692686725223215,1.6083036053089295
2022,"2022","21","Pharmaceuticals",14597.6328125,1005.6644287109375,"Maryland","04000US24",14580.65234375,0.1164589097227785,6.26361140797014
2022,"2022","22","Fertilizers",426.81610107421875,2306.3857421875,"Maryland","04000US24",400.67950439453125,6.5230680364304225,0.18313998126494613
2022,"2022","23","Chemical prods.",7887.83203125,2215.73388671875,"Maryland","04000US24",6973.224609375,13.115989705040851,3.3845429138882706
2022,"2022","24","Plastics/rubber",8161.75634765625,2433.109619140625,"Maryland","04000US24",7379.560546875,10.599490251658468,3.5020794689722843
2022,"2022","25","Logs",58.25175476074219,2399.066162109375,"Maryland","04000US24",59.8675537109375,-2.6989560288315473,0.024994898853821522
2022,"2022","26","Wood prods.",4854.41845703125,6392.17919921875,"Maryland","04000US24",4643.02490234375,4.552927437041976,2.082953532060679
2022,"2022","27","Newsprint/paper",1544.6982421875,1824.09423828125,"Maryland","04000US24",1624.868896484375,-4.933976794702337,0.6628053778248196
2022,"2022","28","Paper articles",1801.853759765625,727.7273559570312,"Maryland","04000US24",1677.3297119140625,7.423945749429523,0.7731467087936014
2022,"2022","29","Printed prods.",2103.882568359375,429.0111083984375,"Maryland","04000US24",2097.651611328125,0.297044418510702,0.9027424532093326
2022,"2022","30","Textiles/leather",6328.767578125,553.4549560546875,"Maryland","04000US24",4864.92138671875,30.089822117219704,2.7155732240908703
2022,"2022","31","Nonmetal min. prods.",4150.03466796875,22733.275390625,"Maryland","04000US24",4190.38330078125,-0.9628864453754731,1.7807136830775543
2022,"2022","32","Base metals",8247.0810546875,3541.946533203125,"Maryland","04000US24",5628.2861328125,46.529171759900684,3.5386909398324775
2022,"2022","33","Articles-base metal",4723.42138671875,1336.364990234375,"Maryland","04000US24",4498.3955078125,5.002358696905168,2.026744778589539
2022,"2022","34","Machinery",14307.0078125,1300.6527099609375,"Maryland","04000US24",12821.173828125,11.588907570347574,6.138908855931528
2022,"2022","35","Electronics",21773.06640625,572.6846313476562,"Maryland","04000US24",19972.599609375,9.01468427790378,9.342475515064194
2022,"2022","36","Motorized vehicles",33574.890625,2550.90234375,"Maryland","04000US24",28845.68359375,16.39485164523776,14.406450048532463
2022,"2022","37","Transport equip.",1577.7705078125,34.56953048706055,"Maryland","04000US24",1903.26416015625,-17.10186421610694,0.6769961595027081
2022,"2022","38","Precision instruments",5016.19580078125,62.48063278198242,"Maryland","04000US24",4506.080078125,11.32060935030057,2.152369609919269
2022,"2022","39","Furniture",7765.00048828125,1843.6866455078125,"Maryland","04000US24",6298.3642578125,23.285986177276623,3.3318378579603793
2022,"2022","40","Misc. mfg. prods.",9737.61328125,1068.6717529296875,"Maryland","04000US24",8322.853515625,16.998494121865598,4.178254544299187
2022,"2022","41","Waste/scrap",1426.2626953125,14616.744140625,"Maryland","04000US24",1573.628662109375,-9.364723097972675,0.6119865737047299
2022,"2022","43","Mixed freight",25123.384765625,10157.03125,"Maryland","04000US24",23908.130859375,5.08301511899023,10.780043685579036
2020,"2020","01","Live animals/fish",1405.911376953125,933.3878784179688,"Maryland","04000US24",1450.624267578125,-3.0823205997821854,0.6522066557556068
2020,"2020","02","Cereal grains",695.3463745117188,4803.896484375,"Maryland","04000US24",661.9114379882812,5.0512703972988975,0.32257334348834593
2020,"2020","03","Other ag prods.",2680.013427734375,4300.8896484375,"Maryland","04000US24",3191.175537109375,-16.017987836482977,1.2432665555853422
2020,"2020","04","Animal feed",1299.0274658203125,2026.9844970703125,"Maryland","04000US24",1201.454833984375,8.121206813273051,0.6026228773064369
2020,"2020","05","Meat/seafood",5214.54150390625,871.078369140625,"Maryland","04000US24",4695.57080078125,11.05234539406058,2.419042004576438
2020,"2020","06","Milled grain prods.",2814.953857421875,742.1997680664062,"Maryland","04000US24",2655.4697265625,6.0058726809823915,1.3058658401600507
2020,"2020","07","Other foodstuffs",12440.7626953125,10627.724609375,"Maryland","04000US24",12050.8701171875,3.2353894310828015,5.771308466215936
2020,"2020","08","Alcoholic beverages",3285.645751953125,916.0267944335938,"Maryland","04000US24",2934.57373046875,11.963305533587565,1.524221272412686
2020,"2020","09","Tobacco prods.",370.6127624511719,7.756906032562256,"Maryland","04000US24",378.75201416015625,-2.1489659208895113,0.1719284119476082
2020,"2020","10","Building stone",143.01280212402344,217.80661010742188,"Maryland","04000US24",161.93997192382812,-11.687768976956153,0.06634408322784172
2020,"2020","11","Natural sands",76.49995422363281,7732.7744140625,"Maryland","04000US24",90.03459930419922,-15.032715406259548,0.03548856643992866
2020,"2020","12","Gravel",283.34014892578125,35395.5859375,"Maryland","04000US24",267.4060363769531,5.958770701184305,0.13144237538831777
2020,"2020","13","Nonmetallic minerals",224.49700927734375,3393.366455078125,"Maryland","04000US24",271.2267150878906,-17.2290203033297,0.10414486008728954
2020,"2020","14","Metallic ores",25.146024703979492,191.67843627929688,"Maryland","04000US24",147.49156188964844,-82.95087231987314,0.0116653189856626
2020,"2020","15","Coal",332.44708251953125,3859.125244140625,"Maryland","04000US24",449.2705993652344,-26.002929417317933,0.15422323445142797
2020,"2020","16","Crude petroleum",2.67140793800354,1.118129014968872,"Maryland","04000US24",1.7780829668045044,50.24090483271889,0.0012392744421630506
2020,"2020","17","Gasoline",4341.30126953125,6796.126953125,"Maryland","04000US24",5198.640625,-16.491606504705256,2.013943146804018
2020,"2020","18","Fuel oils",1451.492919921875,2497.943359375,"Maryland","04000US24",1930.978759765625,-24.831233249916647,0.6733520751548412
2020,"2020","19","Coal-n.e.c.",8745.8896484375,36366.23828125,"Maryland","04000US24",6884.15478515625,27.043768209505682,4.057245380272064
2020,"2020","20","Basic chemicals",2958.517333984375,1850.105712890625,"Maryland","04000US24",3165.814453125,-6.547987009661934,1.3724653829707767
2020,"2020","21","Pharmaceuticals",14580.65234375,1320.266357421875,"Maryland","04000US24",13921.076171875,4.737968270064878,6.7640099224898735
2020,"2020","22","Fertilizers",400.67950439453125,1786.8240966796875,"Maryland","04000US24",372.85418701171875,7.4627879616483845,0.18587646694865897
2020,"2020","23","Chemical prods.",6973.224609375,1819.756591796875,"Maryland","04000US24",7766.6513671875,-10.21581528900041,3.2349005612071395
2020,"2020","24","Plastics/rubber",7379.560546875,2209.896240234375,"Maryland","04000US24",7476.54541015625,-1.2971881793094486,3.4234010650472406
2020,"2020","25","Logs",59.8675537109375,3060.917724609375,"Maryland","04000US24",68.34378051757812,-12.402338211976035,0.027772744167345598
2020,"2020","26","Wood prods.",4643.02490234375,6109.30078125,"Maryland","04000US24",4684.97216796875,-0.8953578403687071,2.153913677482521
2020,"2020","27","Newsprint/paper",1624.868896484375,1759.5211181640625,"Maryland","04000US24",1703.4613037109375,-4.613689025712024,0.7537817293391965
2020,"2020","28","Paper articles",1677.3297119140625,739.79345703125,"Maryland","04000US24",1693.26318359375,-0.9409920344379424,0.7781184646060805
2020,"2020","29","Printed prods.",2097.651611328125,552.3748779296875,"Maryland","04000US24",2242.567626953125,-6.4620577717823755,0.9731070996307122
2020,"2020","30","Textiles/leather",4864.92138671875,444.87652587890625,"Maryland","04000US24",5361.841796875,-9.267718612023693,2.2568521459881143
2020,"2020","31","Nonmetal min. prods.",4190.38330078125,25034.80078125,"Maryland","04000US24",4253.49365234375,-1.483729769473738,1.9439318322180432
2020,"2020","32","Base metals",5628.2861328125,2586.05126953125,"Maryland","04000US24",8462.2900390625,-33.48979877985802,2.6109794233777563
2020,"2020","33","Articles-base metal",4498.3955078125,1086.793701171875,"Maryland","04000US24",4984.8125,-9.757979707110348,2.086819652014421
2020,"2020","34","Machinery",12821.173828125,1318.152587890625,"Maryland","04000US24",14801.4384765625,-13.378866193128266,5.94778237261645
2020,"2020","35","Electronics",19972.599609375,557.081787109375,"Maryland","04000US24",20285.896484375,-1.5444073435024854,9.265351011104679
2020,"2020","36","Motorized vehicles",28845.68359375,3524.034912109375,"Maryland","04000US24",31926.8125,-9.650599809329542,13.381602238994702
2020,"2020","37","Transport equip.",1903.26416015625,131.2152862548828,"Maryland","04000US24",2096.9111328125,-9.234867879046421,0.8829301570951003
2020,"2020","38","Precision instruments",4506.080078125,92.88471221923828,"Maryland","04000US24",4593.77001953125,-1.9088883647509614,2.0903845480573677
2020,"2020","39","Furniture",6298.3642578125,1327.525146484375,"Maryland","04000US24",7479.80908203125,-15.795120052688718,2.921830747412393
2020,"2020","40","Misc. mfg. prods.",8322.853515625,975.9556274414062,"Maryland","04000US24",8683.9169921875,-4.157841177976843,3.86099760394112
2020,"2020","41","Waste/scrap",1573.628662109375,14712.0458984375,"Maryland","04000US24",1599.2816162109375,-1.604029824487084,0.7300112254157715
2020,"2020","43","Mixed freight",23908.130859375,9775.8330078125,"Maryland","04000US24",24494.59765625,-2.394269973752184,11.091056185172533
2019,"2019","01","Live animals/fish",1541.6729736328125,1024.0406494140625,"Maryland","04000US24",1393.9296875,10.599048679262204,0.6764742367637548
2019,"2019","02","Cereal grains",662.4029541015625,4782.6494140625,"Maryland","04000US24",664.0802001953125,-0.25256679739234894,0.29065731868543265
2019,"2019","03","Other ag prods.",2863.833984375,4593.56640625,"Maryland","04000US24",3300.498779296875,-13.230266820910636,1.2566283134827785
2019,"2019","04","Animal feed",1250.2325439453125,2017.475341796875,"Maryland","04000US24",1193.5462646484375,4.7493994138192965,0.548592419019761
2019,"2019","05","Meat/seafood",4886.1572265625,818.6675415039062,"Maryland","04000US24",4477.58154296875,9.124918880267984,2.144008189206166
2019,"2019","06","Milled grain prods.",2737.559814453125,723.974365234375,"Maryland","04000US24",2587.81005859375,5.786736756899035,1.2012201794739232
2019,"2019","07","Other foodstuffs",12139.9208984375,10368.4326171875,"Maryland","04000US24",11877.0712890625,2.21308437895002,5.326903866512768
2019,"2019","08","Alcoholic beverages",2973.417236328125,815.6004638671875,"Maryland","04000US24",2902.7451171875,2.4346649908104903,1.3047126011332257
2019,"2019","09","Tobacco prods.",363.4713134765625,7.498862266540527,"Maryland","04000US24",395.74267578125,-8.154632866162192,0.15948841523127022
2019,"2019","10","Building stone",152.7955322265625,227.86192321777344,"Maryland","04000US24",176.25311279296875,-13.309030515653985,0.06704550369091042
2019,"2019","11","Natural sands",80.1937255859375,7711.77392578125,"Maryland","04000US24",92.08898162841797,-12.917132790628758,0.03518838964995037
2019,"2019","12","Gravel",294.4604797363281,36732.40625,"Maryland","04000US24",284.7758483886719,3.4007909738322795,0.12920699246438555
2019,"2019","13","Nonmetallic minerals",213.30511474609375,3331.882080078125,"Maryland","04000US24",202.03280639648438,5.579444522236527,0.09359664284420181
2019,"2019","14","Metallic ores",200.07647705078125,569.665771484375,"Maryland","04000US24",278.7277526855469,-28.21795636672674,0.08779201842552653
2019,"2019","15","Coal",417.5343322753906,4687.69482421875,"Maryland","04000US24",344.3982238769531,21.23591334912564,0.18321085183395816
2019,"2019","17","Gasoline",5234.9638671875,8184.2802734375,"Maryland","04000US24",5096.12255859375,2.72444995184854,2.297061858843321
2019,"2019","18","Fuel oils",1768.9693603515625,3028.21923828125,"Maryland","04000US24",2038.7166748046875,-13.231231087025236,0.7762101420786179
2019,"2019","19","Coal-n.e.c.",8559.7685546875,34402.23828125,"Maryland","04000US24",4650.6494140625,84.05533921358848,3.755960569420838
2019,"2019","20","Basic chemicals",3052.72412109375,1948.3946533203125,"Maryland","04000US24",3466.452392578125,-11.935207082900984,1.3395118518559765
2019,"2019","21","Pharmaceuticals",14489.5869140625,1306.2080078125,"Maryland","04000US24",13568.0185546875,6.792210341255873,6.357919232128323
2019,"2019","22","Fertilizers",412.2415771484375,1812.524658203125,"Maryland","04000US24",371.1651916503906,11.066874378871633,0.1808884316150669
2019,"2019","23","Chemical prods.",7553.552734375,2057.7392578125,"Maryland","04000US24",7116.73779296875,6.1378535238128045,3.314440810881156
2019,"2019","24","Plastics/rubber",7538.49169921875,2243.041748046875,"Maryland","04000US24",7215.74462890625,4.472817247711016,3.307832144557981
2019,"2019","25","Logs",62.28508377075195,3307.243896484375,"Maryland","04000US24",61.4330940246582,1.3868579462264683,0.027330215438816714
2019,"2019","26","Wood prods.",4707.17529296875,6050.14892578125,"Maryland","04000US24",4558.5849609375,3.2595714087709253,2.065472294114857
2019,"2019","27","Newsprint/paper",1767.2911376953125,1783.2728271484375,"Maryland","04000US24",1585.8563232421875,11.440810355517735,0.7754737508919507
2019,"2019","28","Paper articles",1658.125244140625,722.5757446289062,"Maryland","04000US24",1663.0927734375,-0.29869225434775076,0.7275725968949233
2019,"2019","29","Printed prods.",2201.244140625,570.0982055664062,"Maryland","04000US24",2150.59619140625,2.3550655125838333,0.9658889890578355
2019,"2019","30","Textiles/leather",5319.93896484375,487.6686706542969,"Maryland","04000US24",5588.61669921875,-4.807589227090118,2.3343482777622975
2019,"2019","31","Nonmetal min. prods.",4288.333984375,25267.7421875,"Maryland","04000US24",4304.46240234375,-0.37469064568825566,1.8816879511303428
2019,"2019","32","Base metals",7509.28857421875,4161.591796875,"Maryland","04000US24",8375.8798828125,-10.346271922690958,3.2950180380429392
2019,"2019","33","Articles-base metal",5205.39990234375,1157.7318115234375,"Maryland","04000US24",4545.43701171875,14.519239600582443,2.2840894185817135
2019,"2019","34","Machinery",14749.2900390625,1550.5361328125,"Maryland","04000US24",13328.97265625,10.655865380191235,6.471874964812381
2019,"2019","35","Electronics",20096.095703125,547.6046142578125,"Maryland","04000US24",19810.9765625,1.4391978089797914,8.818012143437057
2019,"2019","36","Motorized vehicles",32552.498046875,3857.025634765625,"Maryland","04000US24",30834.7265625,5.570899034545314,14.283785632644951
2019,"2019","37","Transport equip.",2512.8154296875,98.50907135009766,"Maryland","04000US24",1780.2486572265625,41.14968824648341,1.1026040729769586
2019,"2019","38","Precision instruments",4520.76611328125,85.00025177001953,"Maryland","04000US24",4432.505859375,1.9912044497262102,1.9836773805945709
2019,"2019","39","Furniture",6962.94970703125,1462.3812255859375,"Maryland","04000US24",7346.22265625,-5.217279235236221,3.055288747515035
2019,"2019","40","Misc. mfg. prods.",8595.3740234375,997.3237915039062,"Maryland","04000US24",8534.1435546875,0.717476432844492,3.7715839751036375
2019,"2019","41","Waste/scrap",1675.607666015625,14685.70703125,"Maryland","04000US24",1556.167724609375,7.675261446270612,0.7352437490763128
2019,"2019","43","Mixed freight",24126.44140625,9809.53515625,"Maryland","04000US24",24127.626953125,-0.004913648894287337,10.586496822124127
2018,"2018","01","Live animals/fish",1450.624267578125,962.3048706054688,"Maryland","04000US24",1393.9296875,4.067248196701098,0.6397637396528101
2018,"2018","02","Cereal grains",661.9114379882812,4775.90576171875,"Maryland","04000US24",664.0802001953125,-0.3265813686951359,0.29192048302993495
2018,"2018","03","Other ag prods.",3191.175537109375,5107.36669921875,"Maryland","04000US24",3300.498779296875,-3.3123248786896924,1.407392969454584
2018,"2018","04","Animal feed",1201.454833984375,1911.020263671875,"Maryland","04000US24",1193.5462646484375,0.6626110415809472,0.5298734171165336
2018,"2018","05","Meat/seafood",4695.57080078125,785.3309326171875,"Maryland","04000US24",4477.58154296875,4.868459808505634,2.0708711431718587
2018,"2018","06","Milled grain prods.",2655.4697265625,704.6239013671875,"Maryland","04000US24",2587.81005859375,2.6145530945774724,1.1711325122368086
2018,"2018","07","Other foodstuffs",12050.8701171875,10171.34375,"Maryland","04000US24",11877.0712890625,1.4633138413932898,5.314753037403572
2018,"2018","08","Alcoholic beverages",2934.57373046875,808.7535400390625,"Maryland","04000US24",2902.7451171875,1.0965004503078477,1.294224773466692
2018,"2018","09","Tobacco prods.",378.75201416015625,7.760154724121094,"Maryland","04000US24",395.74267578125,-4.2933609794677485,0.1670396741567579
2018,"2018","10","Building stone",161.93997192382812,244.683349609375,"Maryland","04000US24",176.25311279296875,-8.120787566431915,0.07141981859315591
2018,"2018","11","Natural sands",90.03459930419922,8873.498046875,"Maryland","04000US24",92.08898162841797,-2.230866589999061,0.039707643968457614
2018,"2018","12","Gravel",267.4060363769531,33469.3046875,"Maryland","04000US24",284.7758483886719,-6.099468093941672,0.11793314758471139
2018,"2018","13","Nonmetallic minerals",271.2267150878906,3607.307861328125,"Maryland","04000US24",202.03280639648438,34.248847959679836,0.11961816813396925
2018,"2018","14","Metallic ores",147.49156188964844,637.942626953125,"Maryland","04000US24",278.7277526855469,-47.084005640427044,0.06504768692398392
2018,"2018","15","Coal",449.2705993652344,4836.2099609375,"Maryland","04000US24",344.3982238769531,30.450904858832878,0.1981402387854938
2018,"2018","17","Gasoline",5198.640625,8093.72705078125,"Maryland","04000US24",5096.12255859375,2.0116876159771824,2.292738265652861
2018,"2018","18","Fuel oils",1930.978759765625,3338.1796875,"Maryland","04000US24",2038.7166748046875,-5.284594783107073,0.8516127988126803
2018,"2018","19","Coal-n.e.c.",6884.15478515625,28735.66015625,"Maryland","04000US24",4650.6494140625,48.02566635833999,3.0360946718845336
2018,"2018","20","Basic chemicals",3165.814453125,2035.3603515625,"Maryland","04000US24",3466.452392578125,-8.672784316807817,1.3962080594167965
2018,"2018","21","Pharmaceuticals",13921.076171875,1329.090576171875,"Maryland","04000US24",13568.0185546875,2.6021310021390347,6.139563462963177
2018,"2018","22","Fertilizers",372.85418701171875,1606.2977294921875,"Maryland","04000US24",371.1651916503906,0.45505219759913,0.16443857610770227
2018,"2018","23","Chemical prods.",7766.6513671875,2197.338134765625,"Maryland","04000US24",7116.73779296875,9.132183777528754,3.4252990483518735
2018,"2018","24","Plastics/rubber",7476.54541015625,2246.30859375,"Maryland","04000US24",7215.74462890625,3.614329423539089,3.297354634271627
2018,"2018","25","Logs",68.34378051757812,3428.93017578125,"Maryland","04000US24",61.4330940246582,11.249126554078636,0.03014141813505946
2018,"2018","26","Wood prods.",4684.97216796875,6052.18212890625,"Maryland","04000US24",4558.5849609375,2.7725096299457306,2.0661968652662144
2018,"2018","27","Newsprint/paper",1703.4613037109375,1704.784912109375,"Maryland","04000US24",1585.8563232421875,7.415866036862262,0.7512715720904397
2018,"2018","28","Paper articles",1693.26318359375,734.2093505859375,"Maryland","04000US24",1663.0927734375,1.8141146806795274,0.7467739308959399
2018,"2018","29","Printed prods.",2242.567626953125,596.0846557617188,"Maryland","04000US24",2150.59619140625,4.2765553065885396,0.9890317455113105
2018,"2018","30","Textiles/leather",5361.841796875,491.1141052246094,"Maryland","04000US24",5588.61669921875,-4.0578002491287615,2.364714306842898
2018,"2018","31","Nonmetal min. prods.",4253.49365234375,24832.09765625,"Maryland","04000US24",4304.46240234375,-1.1840909557543788,1.8759034068526446
2018,"2018","32","Base metals",8462.2900390625,4492.65380859375,"Maryland","04000US24",8375.8798828125,1.0316546734070966,3.7320941352070545
2018,"2018","33","Articles-base metal",4984.8125,1136.238525390625,"Maryland","04000US24",4545.43701171875,9.666298029176968,2.19843439665628
2018,"2018","34","Machinery",14801.4384765625,1567.6778564453125,"Maryland","04000US24",13328.97265625,11.047106617193455,6.527826566569299
2018,"2018","35","Electronics",20285.896484375,578.8272094726562,"Maryland","04000US24",19810.9765625,2.3972564925142112,8.946617871436228
2018,"2018","36","Motorized vehicles",31926.8125,3874.014404296875,"Maryland","04000US24",30834.7265625,3.5417403014306363,14.080570287367012
2018,"2018","37","Transport equip.",2096.9111328125,77.6138916015625,"Maryland","04000US24",1780.2486572265625,17.787541886382538,0.9247933720890174
2018,"2018","38","Precision instruments",4593.77001953125,90.0629653930664,"Maryland","04000US24",4432.505859375,3.6382165139199354,2.025974301193052
2018,"2018","39","Furniture",7479.80908203125,1579.659912109375,"Maryland","04000US24",7346.22265625,1.8184369305441306,3.29879400004705
2018,"2018","40","Misc. mfg. prods.",8683.9169921875,998.1030883789062,"Maryland","04000US24",8534.1435546875,1.7549908381577999,3.82983749405478
2018,"2018","41","Waste/scrap",1599.2816162109375,14741.7001953125,"Maryland","04000US24",1556.167724609375,2.7705170155989984,0.70532556942075
2018,"2018","43","Mixed freight",24494.59765625,9932.5263671875,"Maryland","04000US24",24127.626953125,1.5209564696849314,10.802766607521606
2017,"2017","01","Live animals/fish",1393.9296875,925.9329833984375,"Maryland","04000US24",1428.247314453125,-2.402779028943261,0.6385957839472743
2017,"2017","02","Cereal grains",664.0802001953125,4970.0888671875,"Maryland","04000US24",779.2518310546875,-14.77977032193747,0.30423257345796967
2017,"2017","03","Other ag prods.",3300.498779296875,5254.65087890625,"Maryland","04000US24",2425.793212890625,36.05853795608295,1.5120451370558172
2017,"2017","04","Animal feed",1193.5462646484375,2019.228759765625,"Maryland","04000US24",2214.4169921875,-46.10110612141757,0.5467948773782824
2017,"2017","05","Meat/seafood",4477.58154296875,795.4038696289062,"Maryland","04000US24",3179.3515625,40.83316849200284,2.0512976524290973
2017,"2017","06","Milled grain prods.",2587.81005859375,722.525634765625,"Maryland","04000US24",1510.7012939453125,71.29859284329368,1.1855437242592752
2017,"2017","07","Other foodstuffs",11877.0712890625,11051.2177734375,"Maryland","04000US24",13235.9794921875,-10.266774770443636,5.441198160030243
2017,"2017","08","Alcoholic beverages",2902.7451171875,931.84033203125,"Maryland","04000US24",3222.49365234375,-9.922394569301755,1.3298237424256554
2017,"2017","09","Tobacco prods.",395.74267578125,8.102473258972168,"Maryland","04000US24",355.1994934082031,11.414200505757409,0.18130010899988053
2017,"2017","10","Building stone",176.25311279296875,262.5954895019531,"Maryland","04000US24",43.09450149536133,308.9921142536956,0.08074617805080161
2017,"2017","11","Natural sands",92.08898162841797,8789.6875,"Maryland","04000US24",68.168701171875,35.08982868286184,0.0421883800476168
2017,"2017","12","Gravel",284.7758483886719,35652.55859375,"Maryland","04000US24",291.7821960449219,-2.4012252122371867,0.1304632922175381
2017,"2017","13","Nonmetallic minerals",202.03280639648438,3994.8359375,"Maryland","04000US24",183.80419921875,9.917405181826151,0.09255653247132012
2017,"2017","14","Metallic ores",278.7277526855469,273.7649230957031,"Maryland","04000US24",414.3454895019531,-32.73059324946917,0.12769250079845854
2017,"2017","15","Coal",344.3982238769531,4060.679443359375,"Maryland","04000US24",271.8434143066406,26.689927271318897,0.15777786766360968
2017,"2017","16","Crude petroleum",0,0,"Maryland","04000US24",2.836400032043457,-100,0
2017,"2017","17","Gasoline",5096.12255859375,7975.6552734375,"Maryland","04000US24",11163.5849609375,-54.35048350126244,2.334667529919127
2017,"2017","18","Fuel oils",2038.7166748046875,3651.864501953125,"Maryland","04000US24",2460.125244140625,-17.129557543447127,0.9339896300854701
2017,"2017","19","Coal-n.e.c.",4650.6494140625,21623.611328125,"Maryland","04000US24",3501.07568359375,32.834872318119864,2.1305845876370104
2017,"2017","20","Basic chemicals",3466.452392578125,2237.4287109375,"Maryland","04000US24",4003.593505859375,-13.416474786841581,1.5880728439929528
2017,"2017","21","Pharmaceuticals",13568.0185546875,927.5870971679688,"Maryland","04000US24",11098.4169921875,22.251836133373118,6.215865493962965
2017,"2017","22","Fertilizers",371.1651916503906,1973.7581787109375,"Maryland","04000US24",193.0034942626953,92.31008903144574,0.1700405182997593
2017,"2017","23","Chemical prods.",7116.73779296875,1948.7913818359375,"Maryland","04000US24",7122.86767578125,-0.08605919822633323,3.2603644149361544
2017,"2017","24","Plastics/rubber",7215.74462890625,2153.91064453125,"Maryland","04000US24",5699.25146484375,26.608637527526184,3.305722045653555
2017,"2017","25","Logs",61.4330940246582,2332.359375,"Maryland","04000US24",115.4208984375,-46.77472203361508,0.02814411314342799
2017,"2017","26","Wood prods.",4558.5849609375,5944.21142578125,"Maryland","04000US24",4969.73974609375,-8.273165319761876,2.0884074447407435
2017,"2017","27","Newsprint/paper",1585.8563232421875,1888.062255859375,"Maryland","04000US24",1500.67333984375,5.67631749940375,0.7265224143298741
2017,"2017","28","Paper articles",1663.0927734375,668.1882934570312,"Maryland","04000US24",980.9959106445312,69.53106077117278,0.7619064598122831
2017,"2017","29","Printed prods.",2150.59619140625,432.830810546875,"Maryland","04000US24",3518.10107421875,-38.87053992944691,0.9852445737547985
2017,"2017","30","Textiles/leather",5588.61669921875,491.8251953125,"Maryland","04000US24",24446.92578125,-77.13979766116425,2.5602920249292893
2017,"2017","31","Nonmetal min. prods.",4304.46240234375,23667.068359375,"Maryland","04000US24",6443.103515625,-33.192716958448486,1.9719872293029665
2017,"2017","32","Base metals",8375.8798828125,3671.870849609375,"Maryland","04000US24",6735.33642578125,24.35726077099347,3.837210461889135
2017,"2017","33","Articles-base metal",4545.43701171875,1309.67138671875,"Maryland","04000US24",3164.9736328125,43.61689982483439,2.0823840240374327
2017,"2017","34","Machinery",13328.97265625,1202.5958251953125,"Maryland","04000US24",10932.392578125,21.921825995531844,6.106352292342402
2017,"2017","35","Electronics",19810.9765625,529.3869018554688,"Maryland","04000US24",14911.7578125,32.8547365884199,9.075928450437546
2017,"2017","36","Motorized vehicles",30834.7265625,2278.024658203125,"Maryland","04000US24",19412.626953125,58.83850566415122,14.126197726152906
2017,"2017","37","Transport equip.",1780.2486572265625,30.12444305419922,"Maryland","04000US24",2473.598876953125,-28.030018374709247,0.8155786458079
2017,"2017","38","Precision instruments",4432.505859375,55.27515411376953,"Maryland","04000US24",2867.503662109375,54.577164728514695,2.030647298426568
2017,"2017","39","Furniture",7346.22265625,1753.662353515625,"Maryland","04000US24",7851.35693359375,-6.433719440042554,3.3654974553508077
2017,"2017","40","Misc. mfg. prods.",8534.1435546875,929.3754272460938,"Maryland","04000US24",11844.3662109375,-27.947655427887945,3.909715204788077
2017,"2017","41","Waste/scrap",1556.167724609375,16387.228515625,"Maryland","04000US24",2002.886474609375,-22.303747898997823,0.7129212878970053
2017,"2017","43","Mixed freight",24127.626953125,9830.39453125,"Maryland","04000US24",20349.087890625,18.568591785584676,11.053499317137003
2016,"2016","01","Live animals/fish",1428.247314453125,1150.6800537109375,"Maryland","04000US24",1533.0450439453125,-6.835919786315547,0.6510081665187121
2016,"2016","02","Cereal grains",779.2518310546875,3116.675537109375,"Maryland","04000US24",825.4133911132812,-5.592538303301946,0.35519009954204317
2016,"2016","03","Other ag prods.",2425.793212890625,2546.5,"Maryland","04000US24",2420.410400390625,0.22239255372276037,1.1056986951045944
2016,"2016","04","Animal feed",2214.4169921875,3949.8681640625,"Maryland","04000US24",2100.690185546875,5.413782928253095,1.0093514837406536
2016,"2016","05","Meat/seafood",3179.3515625,603.397216796875,"Maryland","04000US24",3073.20654296875,3.4538849910397755,1.449177471209912
2016,"2016","06","Milled grain prods.",1510.7012939453125,934.8093872070312,"Maryland","04000US24",1495.384033203125,1.024302814667467,0.6885914432160912
2016,"2016","07","Other foodstuffs",13235.9794921875,9240.3837890625,"Maryland","04000US24",12936.115234375,2.31803947614562,6.033080303454027
2016,"2016","08","Alcoholic beverages",3222.49365234375,1114.6331787109375,"Maryland","04000US24",2988.654052734375,7.824244475382851,1.4688420296689062
2016,"2016","09","Tobacco prods.",355.1994934082031,23.266399383544922,"Maryland","04000US24",367.3601989746094,-3.310294800675115,0.16190317223917935
2016,"2016","10","Building stone",43.09450149536133,968.0123291015625,"Maryland","04000US24",40.913700103759766,5.330247291422947,0.019642867255294134
2016,"2016","11","Natural sands",68.168701171875,8084.63720703125,"Maryland","04000US24",69.42410278320312,-1.808308009753443,0.03107191640745831
2016,"2016","12","Gravel",291.7821960449219,31593.666015625,"Maryland","04000US24",301.42071533203125,-3.197696374813531,0.13299698907030028
2016,"2016","13","Nonmetallic minerals",183.80419921875,3699.454345703125,"Maryland","04000US24",238.65280151367188,-22.982593100538033,0.08377963222542835
2016,"2016","14","Metallic ores",414.3454895019531,1938.86376953125,"Maryland","04000US24",359.4656982421875,15.267045375436838,0.18886245729035306
2016,"2016","15","Coal",271.8434143066406,4396.94482421875,"Maryland","04000US24",164.17300415039062,65.58350486028662,0.12390871030323997
2016,"2016","16","Crude petroleum",2.836400032043457,0.11890000104904175,"Maryland","04000US24",0.030299998819828033,9261.056575973671,0.0012928570323139437
2016,"2016","17","Gasoline",11163.5849609375,11065.9736328125,"Maryland","04000US24",10561.9443359375,5.696305584123277,5.088463954142664
2016,"2016","18","Fuel oils",2460.125244140625,2483.5986328125,"Maryland","04000US24",2228.41796875,10.397837328542005,1.121347548416448
2016,"2016","19","Coal-n.e.c.",3501.07568359375,11215.708984375,"Maryland","04000US24",2822.18408203125,24.05553932094578,1.5958222631017718
2016,"2016","20","Basic chemicals",4003.593505859375,1995.2418212890625,"Maryland","04000US24",4002.855224609375,0.018443865905043978,1.8248744747219863
2016,"2016","21","Pharmaceuticals",11098.4169921875,317.09619140625,"Maryland","04000US24",11575.126953125,-4.118399416853048,5.05875979897124
2016,"2016","22","Fertilizers",193.0034942626953,246.4943084716797,"Maryland","04000US24",202.8029022216797,-4.831986057217684,0.08797275490048595
2016,"2016","23","Chemical prods.",7122.86767578125,3243.626708984375,"Maryland","04000US24",7323.4853515625,-2.739374302680175,3.2466681218590447
2016,"2016","24","Plastics/rubber",5699.25146484375,1890.531005859375,"Maryland","04000US24",5597.61474609375,1.8157147885342835,2.5977708546069764
2016,"2016","25","Logs",115.4208984375,1820.92431640625,"Maryland","04000US24",119.01580047607422,-3.02052502625221,0.052609899356618355
2016,"2016","26","Wood prods.",4969.73974609375,6917.74658203125,"Maryland","04000US24",4677.755859375,6.241965068218893,2.2652527524047694
2016,"2016","27","Newsprint/paper",1500.67333984375,1982.459228515625,"Maryland","04000US24",1438.1307373046875,4.348881566656342,0.6840206101765125
2016,"2016","28","Paper articles",980.9959106445312,567.5418090820312,"Maryland","04000US24",974.6284790039062,0.653318857164185,0.44714689304042843
2016,"2016","29","Printed prods.",3518.10107421875,673.2576904296875,"Maryland","04000US24",3624.12548828125,-2.9255171876728343,1.603582591598724
2016,"2016","30","Textiles/leather",24446.92578125,837.5010986328125,"Maryland","04000US24",24983.4453125,-2.1475001727706564,11.143131983387972
2016,"2016","31","Nonmetal min. prods.",6443.103515625,17906.333984375,"Maryland","04000US24",7192.77783203125,-10.422597971367356,2.9368254110832166
2016,"2016","32","Base metals",6735.33642578125,2481.551025390625,"Maryland","04000US24",7069.744140625,-4.730124714445277,3.070027839760699
2016,"2016","33","Articles-base metal",3164.9736328125,1360.8321533203125,"Maryland","04000US24",3223.908935546875,-1.828069710175537,1.442623879580875
2016,"2016","34","Machinery",10932.392578125,1456.3021240234375,"Maryland","04000US24",11899.6884765625,-8.128749759648546,4.983084355158096
2016,"2016","35","Electronics",14911.7578125,918.4262084960938,"Maryland","04000US24",15234.7822265625,-2.1203087071326365,6.79691536252163
2016,"2016","36","Motorized vehicles",19412.626953125,3243.164306640625,"Maryland","04000US24",19911.080078125,-2.5033957125591484,8.848452611937615
2016,"2016","37","Transport equip.",2473.598876953125,81.23249816894531,"Maryland","04000US24",2227.06201171875,11.070049416545368,1.1274889532731904
2016,"2016","38","Precision instruments",2867.503662109375,94.54879760742188,"Maryland","04000US24",2906.90771484375,-1.3555316026430175,1.3070343508892235
2016,"2016","39","Furniture",7851.35693359375,1493.0567626953125,"Maryland","04000US24",7772.99853515625,1.0080845645743437,3.578720177030375
2016,"2016","40","Misc. mfg. prods.",11844.3662109375,1118.5267333984375,"Maryland","04000US24",11378.3515625,4.095625327427564,5.398770263755797
2016,"2016","41","Waste/scrap",2002.886474609375,10947.431640625,"Maryland","04000US24",2018.39794921875,-0.768504279117948,0.9129339424522825
2016,"2016","43","Mixed freight",20349.087890625,5135.83203125,"Maryland","04000US24",20329.228515625,0.09768877842430729,9.275300057592853
2015,"2015","01","Live animals/fish",1533.0450439453125,1233.7562255859375,"Maryland","04000US24",1355.2659912109375,13.117650253698793,0.6961715321677207
2015,"2015","02","Cereal grains",825.4133911132812,3095.998779296875,"Maryland","04000US24",796.1890869140625,3.6705230804517557,0.37482871585056016
2015,"2015","03","Other ag prods.",2420.410400390625,2426.63720703125,"Maryland","04000US24",2334.138427734375,3.696094954402068,1.0991332730695267
2015,"2015","04","Animal feed",2100.690185546875,3805.837158203125,"Maryland","04000US24",2083.9638671875,0.8026203631807061,0.9539450330293298
2015,"2015","05","Meat/seafood",3073.20654296875,581.614013671875,"Maryland","04000US24",3026.3837890625,1.5471518871951977,1.395574719827175
2015,"2015","06","Milled grain prods.",1495.384033203125,929.5529174804688,"Maryland","04000US24",1485.78125,0.6463120464822799,0.6790692795920885
2015,"2015","07","Other foodstuffs",12936.115234375,9097.615234375,"Maryland","04000US24",12670.458984375,2.0966584582894976,5.874423063158407
2015,"2015","08","Alcoholic beverages",2988.654052734375,1030.3656005859375,"Maryland","04000US24",3027.16455078125,-1.2721640135795136,1.3571785638188842
2015,"2015","09","Tobacco prods.",367.3601989746094,24.10249900817871,"Maryland","04000US24",363.22308349609375,1.1390012547371917,0.16682204713269702
2015,"2015","10","Building stone",40.913700103759766,914.7343139648438,"Maryland","04000US24",38.37839889526367,6.606062997612384,0.01857933229057888
2015,"2015","11","Natural sands",69.42410278320312,8109.82177734375,"Maryland","04000US24",68.34310150146484,1.5817269892486683,0.03152619956917321
2015,"2015","12","Gravel",301.42071533203125,32545.884765625,"Maryland","04000US24",296.852294921875,1.538954048294812,0.1368782489781012
2015,"2015","13","Nonmetallic minerals",238.65280151367188,4442.49853515625,"Maryland","04000US24",218.5782012939453,9.18417303321575,0.10837469332167816
2015,"2015","14","Metallic ores",359.4656982421875,2590.87451171875,"Maryland","04000US24",350.3703918457031,2.5959118145147912,0.16323707310189786
2015,"2015","15","Coal",164.17300415039062,3021.446533203125,"Maryland","04000US24",163.90899658203125,0.1610696019527199,0.07455265081176056
2015,"2015","17","Gasoline",10561.9443359375,10607.087890625,"Maryland","04000US24",10176.345703125,3.7891660136318737,4.796287623811062
2015,"2015","18","Fuel oils",2228.41796875,2414.46435546875,"Maryland","04000US24",2259.294677734375,-1.3666525791729933,1.0119475339239337
2015,"2015","19","Coal-n.e.c.",2822.18408203125,8984.9931640625,"Maryland","04000US24",2939.29443359375,-3.9843014780698294,1.2815828368557278
2015,"2015","20","Basic chemicals",4002.855224609375,1923.6993408203125,"Maryland","04000US24",4049.705322265625,-1.1568767089956933,1.817737753869469
2015,"2015","21","Pharmaceuticals",11575.126953125,250.35910034179688,"Maryland","04000US24",11699.734375,-1.065044879491121,5.2563842776953456
2015,"2015","22","Fertilizers",202.8029022216797,255.80140686035156,"Maryland","04000US24",248.27430725097656,-18.314986167026355,0.09209488509508114
2015,"2015","23","Chemical prods.",7323.4853515625,3311.771484375,"Maryland","04000US24",7536.55908203125,-2.8272017528100166,3.3256700696049455
2015,"2015","24","Plastics/rubber",5597.61474609375,1812.7762451171875,"Maryland","04000US24",5204.6064453125,7.551162703862283,2.5419344654374845
2015,"2015","25","Logs",119.01580047607422,1903.216552734375,"Maryland","04000US24",141.85049438476562,-16.097718945379857,0.05404629987672559
2015,"2015","26","Wood prods.",4677.755859375,6483.57666015625,"Maryland","04000US24",4599.0576171875,1.7111819146033442,2.124217078023309
2015,"2015","27","Newsprint/paper",1438.1307373046875,1868.3956298828125,"Maryland","04000US24",1422.2696533203125,1.115195275899126,0.653069968688156
2015,"2015","28","Paper articles",974.6284790039062,556.1798095703125,"Maryland","04000US24",966.781982421875,0.8116097242912075,0.44258882294566726
2015,"2015","29","Printed prods.",3624.12548828125,709.579833984375,"Maryland","04000US24",3864.56494140625,-6.2216434908067075,1.6457526828121356
2015,"2015","30","Textiles/leather",24983.4453125,844.1671142578125,"Maryland","04000US24",25833.236328125,-3.2895259611735943,11.345239639711476
2015,"2015","31","Nonmetal min. prods.",7192.77783203125,20492.5546875,"Maryland","04000US24",6763.34765625,6.34937308574422,3.2663144397770467
2015,"2015","32","Base metals",7069.744140625,2315.333251953125,"Maryland","04000US24",7822.5908203125,-9.624006892097995,3.2104435742778104
2015,"2015","33","Articles-base metal",3223.908935546875,1376.0279541015625,"Maryland","04000US24",3250.75,-0.8256883627816658,1.4640102272878397
2015,"2015","34","Machinery",11899.6884765625,1572.700927734375,"Maryland","04000US24",12702.1572265625,-6.317578468654861,5.403771005793489
2015,"2015","35","Electronics",15234.7822265625,933.5809936523438,"Maryland","04000US24",15210.36328125,0.16054149964058734,6.918271401610504
2015,"2015","36","Motorized vehicles",19911.080078125,3191.029296875,"Maryland","04000US24",19429.927734375,2.4763465429609184,9.041826383280709
2015,"2015","37","Transport equip.",2227.06201171875,110.3405990600586,"Maryland","04000US24",2292.78076171875,-2.866333802920384,1.0113317798808759
2015,"2015","38","Precision instruments",2906.90771484375,104.79660034179688,"Maryland","04000US24",2997.440185546875,-3.020326181641806,1.320056710470101
2015,"2015","39","Furniture",7772.99853515625,1472.72412109375,"Maryland","04000US24",7525.0859375,3.2944819463232875,3.52979863255095
2015,"2015","40","Misc. mfg. prods.",11378.3515625,1054.5089111328125,"Maryland","04000US24",11483.984375,-0.919827205006973,5.167026547649943
2015,"2015","41","Waste/scrap",2018.39794921875,10888.626953125,"Maryland","04000US24",1922.9093017578125,4.965842506125863,0.9165752815818291
2015,"2015","43","Mixed freight",20329.228515625,5109.71533203125,"Maryland","04000US24",20441.064453125,-0.5471140593312042,9.231711892227501
2014,"2014","01","Live animals/fish",1355.2659912109375,1091.4847412109375,"Maryland","04000US24",1296.95654296875,4.49586754146106,0.613067826400359
2014,"2014","02","Cereal grains",796.1890869140625,3251.250732421875,"Maryland","04000US24",828.0830078125,-3.8515366934879953,0.36016392064996394
2014,"2014","03","Other ag prods.",2334.138427734375,2412.589111328125,"Maryland","04000US24",2180.338134765625,7.05396518624313,1.0558703469937083
2014,"2014","04","Animal feed",2083.9638671875,3791.91796875,"Maryland","04000US24",1999.358154296875,4.231643675686448,0.9427014376801225
2014,"2014","05","Meat/seafood",3026.3837890625,574.3074340820312,"Maryland","04000US24",3012.9365234375,0.4463175881866184,1.369014306745821
2014,"2014","06","Milled grain prods.",1485.78125,930.2476196289062,"Maryland","04000US24",1449.14208984375,2.5283345513896793,0.6721076802274275
2014,"2014","07","Other foodstuffs",12670.458984375,9019.2763671875,"Maryland","04000US24",12448.2294921875,1.7852297174226348,5.731606045913589
2014,"2014","08","Alcoholic beverages",3027.16455078125,1046.758056640625,"Maryland","04000US24",3033.215087890625,-0.19947603233052286,1.3693674919455934
2014,"2014","09","Tobacco prods.",363.22308349609375,23.75269889831543,"Maryland","04000US24",374.10699462890625,-2.9093043672195296,0.16430751434884022
2014,"2014","10","Building stone",38.37839889526367,858.4659423828125,"Maryland","04000US24",36.891300201416016,4.031028144111267,0.017360844102951585
2014,"2014","11","Natural sands",68.34310150146484,7493.0361328125,"Maryland","04000US24",57.86009979248047,18.1178424278258,0.0309156703987866
2014,"2014","12","Gravel",296.852294921875,32052.53125,"Maryland","04000US24",264.7565002441406,12.12275983710987,0.13428403899304125
2014,"2014","13","Nonmetallic minerals",218.5782012939453,4140.03466796875,"Maryland","04000US24",195.37669372558594,11.8752688081347,0.09887598717506851
2014,"2014","14","Metallic ores",350.3703918457031,1986.420166015625,"Maryland","04000US24",252.68701171875,38.657855606634165,0.15849347357411483
2014,"2014","15","Coal",163.90899658203125,3101.624755859375,"Maryland","04000US24",215.0675048828125,-23.78718641324121,0.0741458377275621
2014,"2014","17","Gasoline",10176.345703125,10209.845703125,"Maryland","04000US24",9827.0341796875,3.554597623762494,4.6033695092865745
2014,"2014","18","Fuel oils",2259.294677734375,2414.31103515625,"Maryland","04000US24",2235.674560546875,1.0565096371505078,1.022014044666551
2014,"2014","19","Coal-n.e.c.",2939.29443359375,9323.0576171875,"Maryland","04000US24",3640.162841796875,-19.25376524796234,1.3296185850158533
2014,"2014","20","Basic chemicals",4049.705322265625,2078.17138671875,"Maryland","04000US24",4302.98876953125,-5.886221434252469,1.8319238109598006
2014,"2014","21","Pharmaceuticals",11699.734375,255.85049438476562,"Maryland","04000US24",11454.3115234375,2.142624208013921,5.292489274621241
2014,"2014","22","Fertilizers",248.27430725097656,328.147705078125,"Maryland","04000US24",260.6553955078125,-4.749983491695972,0.11230931114962275
2014,"2014","23","Chemical prods.",7536.55908203125,3470.50146484375,"Maryland","04000US24",7395.78076171875,1.9034950446500751,3.4092362126127074
2014,"2014","24","Plastics/rubber",5204.6064453125,1717.1319580078125,"Maryland","04000US24",5142.22607421875,1.2131005170407128,2.3543546295632023
2014,"2014","25","Logs",141.85049438476562,2373.37841796875,"Maryland","04000US24",176.45240783691406,-19.609771199115183,0.06416745851386842
2014,"2014","26","Wood prods.",4599.0576171875,6390.6064453125,"Maryland","04000US24",4578.4091796875,0.4509958959458788,2.0804286945471757
2014,"2014","27","Newsprint/paper",1422.2696533203125,1843.57470703125,"Maryland","04000US24",1473.27001953125,-3.4617120782220407,0.6433775882896509
2014,"2014","28","Paper articles",966.781982421875,544.2413940429688,"Maryland","04000US24",952.3292846679688,1.5176155964735671,0.4373332854289553
2014,"2014","29","Printed prods.",3864.56494140625,720.285400390625,"Maryland","04000US24",4117.2294921875,-6.136761413486532,1.7481737488993072
2014,"2014","30","Textiles/leather",25833.236328125,869.6904907226562,"Maryland","04000US24",25740.06640625,0.3619645746227648,11.685917116845431
2014,"2014","31","Nonmetal min. prods.",6763.34765625,18942.53515625,"Maryland","04000US24",6072.53857421875,11.375952142389226,3.059466461710832
2014,"2014","32","Base metals",7822.5908203125,2317.883544921875,"Maryland","04000US24",6704.92822265625,16.66927013296904,3.5386254669781327
2014,"2014","33","Articles-base metal",3250.75,1378.02783203125,"Maryland","04000US24",3206.52685546875,1.3791602729235581,1.4705085566931941
2014,"2014","34","Machinery",12702.1572265625,1658.8936767578125,"Maryland","04000US24",12460.5927734375,1.9386272990154039,5.745945055794032
2014,"2014","35","Electronics",15210.36328125,880.518310546875,"Maryland","04000US24",15355.09765625,-0.9425819245186542,6.880556596320879
2014,"2014","36","Motorized vehicles",19429.927734375,3035.598388671875,"Maryland","04000US24",18447.138671875,5.327596219561066,8.789317846444312
2014,"2014","37","Transport equip.",2292.78076171875,164.5648956298828,"Maryland","04000US24",2167.731689453125,5.7686600640678165,1.0371618022699258
2014,"2014","38","Precision instruments",2997.440185546875,112.17589569091797,"Maryland","04000US24",3072.8759765625,-2.454892146347277,1.355921384610541
2014,"2014","39","Furniture",7525.0859375,1423.6806640625,"Maryland","04000US24",7446.33984375,1.0575140995759766,3.4040462234700843
2014,"2014","40","Misc. mfg. prods.",11483.984375,1053.030029296875,"Maryland","04000US24",11228.3720703125,2.27648587958117,5.194892651962914
2014,"2014","41","Waste/scrap",1922.9093017578125,10857.0771484375,"Maryland","04000US24",2007.516357421875,-4.214513886836665,0.8698468298022914
2014,"2014","43","Mixed freight",20441.064453125,5129.72509765625,"Maryland","04000US24",20301.818359375,0.6858799112725721,9.246715430665969
2013,"2013","01","Live animals/fish",1296.95654296875,1043.415771484375,"Maryland","04000US24",1210.0325927734375,7.183604037977171,0.5965402744926054
2013,"2013","02","Cereal grains",828.0830078125,3625.839599609375,"Maryland","04000US24",624.9799194335938,32.49753825098482,0.3808800437155692
2013,"2013","03","Other ag prods.",2180.338134765625,2361.301513671875,"Maryland","04000US24",2262.827880859375,-3.645427334155973,1.0028551198967353
2013,"2013","04","Animal feed",1999.358154296875,3660.21728515625,"Maryland","04000US24",1921.1090087890625,4.073123656691167,0.9196126644638274
2013,"2013","05","Meat/seafood",3012.9365234375,568.4591064453125,"Maryland","04000US24",3079.081298828125,-2.148198406316819,1.3858120308380362
2013,"2013","06","Milled grain prods.",1449.14208984375,910.1065063476562,"Maryland","04000US24",1430.6815185546875,1.2903340855141443,0.6665386166874888
2013,"2013","07","Other foodstuffs",12448.2294921875,8866.0927734375,"Maryland","04000US24",12619.4013671875,-1.3564183436234525,5.725612225386184
2013,"2013","08","Alcoholic beverages",3033.215087890625,1036.6170654296875,"Maryland","04000US24",3069.796630859375,-1.1916601445519592,1.3951392364955928
2013,"2013","09","Tobacco prods.",374.10699462890625,24.52429962158203,"Maryland","04000US24",386.60650634765625,-3.233135374992836,0.1720719868953301
2013,"2013","10","Building stone",36.891300201416016,800.7488403320312,"Maryland","04000US24",33.94309997558594,8.685712937093587,0.016968298951765323
2013,"2013","11","Natural sands",57.86009979248047,6941.35888671875,"Maryland","04000US24",61.91640090942383,-6.551254687554005,0.02661298098189824
2013,"2013","12","Gravel",264.7565002441406,28395.57421875,"Maryland","04000US24",279.6781921386719,-5.335307619241432,0.12177579594750283
2013,"2013","13","Nonmetallic minerals",195.37669372558594,3683.152099609375,"Maryland","04000US24",190.0515899658203,2.8019253933751957,0.08986428044669419
2013,"2013","14","Metallic ores",252.68701171875,1108.1072998046875,"Maryland","04000US24",424.4106140136719,-40.46166533652949,0.11622438712277758
2013,"2013","15","Coal",215.0675048828125,3450.249267578125,"Maryland","04000US24",372.9811096191406,-42.33823125722835,0.09892114665890081
2013,"2013","17","Gasoline",9827.0341796875,9834.6328125,"Maryland","04000US24",9514.453125,3.285328652953976,4.519983108748036
2013,"2013","18","Fuel oils",2235.674560546875,2436.50390625,"Maryland","04000US24",2242.446533203125,-0.30199037328113554,1.0283073270689396
2013,"2013","19","Coal-n.e.c.",3640.162841796875,11276.1142578125,"Maryland","04000US24",5259.55029296875,-30.78946603736748,1.6743072484700916
2013,"2013","20","Basic chemicals",4302.98876953125,2192.6259765625,"Maryland","04000US24",4725.83056640625,-8.947459942402238,1.9791766467665055
2013,"2013","21","Pharmaceuticals",11454.3115234375,280.66400146484375,"Maryland","04000US24",12333.1865234375,-7.126098339061205,5.2684557376722045
2013,"2013","22","Fertilizers",260.6553955078125,345.2068176269531,"Maryland","04000US24",224.76539611816406,15.967760166596234,0.1198894766576274
2013,"2013","23","Chemical prods.",7395.78076171875,3370.165771484375,"Maryland","04000US24",7384.30517578125,0.15540508774118883,3.401718515243372
2013,"2013","24","Plastics/rubber",5142.22607421875,1709.965576171875,"Maryland","04000US24",5157.88330078125,-0.30355914722088506,2.365187153299552
2013,"2013","25","Logs",176.45240783691406,2974.703369140625,"Maryland","04000US24",135.01840209960938,30.687673008259193,0.08115998055337319
2013,"2013","26","Wood prods.",4578.4091796875,6396.37890625,"Maryland","04000US24",4438.2822265625,3.1572339470969135,2.105857350114817
2013,"2013","27","Newsprint/paper",1473.27001953125,1951.199951171875,"Maryland","04000US24",1405.94482421875,4.788608639027567,0.6776363530586499
2013,"2013","28","Paper articles",952.3292846679688,542.146484375,"Maryland","04000US24",975.3309326171875,-2.358342915208943,0.4380276085294131
2013,"2013","29","Printed prods.",4117.2294921875,769.572509765625,"Maryland","04000US24",4417.22216796875,-6.791432813966905,1.8937359348961322
2013,"2013","30","Textiles/leather",25740.06640625,854.0709228515625,"Maryland","04000US24",25296.3203125,1.7541922630175029,11.839245009932643
2013,"2013","31","Nonmetal min. prods.",6072.53857421875,17076.740234375,"Maryland","04000US24",6221.05078125,-2.387252768919037,2.7930880549315917
2013,"2013","32","Base metals",6704.92822265625,1950.7152099609375,"Maryland","04000US24",7306.43505859375,-8.232562544027736,3.083958166586735
2013,"2013","33","Articles-base metal",3206.52685546875,1346.098388671875,"Maryland","04000US24",3122.691162109375,2.684725738383429,1.4748546671816498
2013,"2013","34","Machinery",12460.5927734375,1556.2005615234375,"Maryland","04000US24",13521.6279296875,-7.846948324324448,5.731298765332713
2013,"2013","35","Electronics",15355.09765625,865.043701171875,"Maryland","04000US24",15556.830078125,-1.2967450365011248,7.062637696212187
2013,"2013","36","Motorized vehicles",18447.138671875,2660.024169921875,"Maryland","04000US24",15929.830078125,15.802482395633291,8.484834150058811
2013,"2013","37","Transport equip.",2167.731689453125,97.80940246582031,"Maryland","04000US24",2352.557861328125,-7.856392181174974,0.9970567356811155
2013,"2013","38","Precision instruments",3072.8759765625,103.92569732666016,"Maryland","04000US24",3054.2802734375,0.6088407565842378,1.41338141858196
2013,"2013","39","Furniture",7446.33984375,1400.3189697265625,"Maryland","04000US24",7263.919921875,2.5113151554114714,3.4249733643256537
2013,"2013","40","Misc. mfg. prods.",11228.3720703125,1020.4005126953125,"Maryland","04000US24",10789.3544921875,4.068988357393296,5.164533995562497
2013,"2013","41","Waste/scrap",2007.516357421875,10897.3193359375,"Maryland","04000US24",2026.6593017578125,-0.9445566069903296,0.9233650621505024
2013,"2013","43","Mixed freight",20301.818359375,5072.68115234375,"Maryland","04000US24",20370.998046875,-0.3395989108673665,9.337901383402317